gmina_code,gmina_name,powiat_code,gmina_type,population,lat,lon
0201001,Kłodzko,0201,miejska,12418,51.2269,16.18686
0201002,Bystrzyca Kłodzka,0201,wiejska,4194,51.27636,16.34822
0201003,Lądek-Zdrój,0201,miejsko-wiejska,9421,51.23074,16.30668
0201004,Stronie Śląskie,0201,miejsko-wiejska,30010,51.31387,16.19017
0203001,Wrocław,0203,miejska,11386,50.97352,16.47672
0201005,kłodzki gmina 05,0201,wiejska,14353,51.39709,16.47805
0201006,kłodzki gmina 06,0201,wiejska,24929,51.24991,16.13459
0201007,kłodzki gmina 07,0201,wiejska,3723,51.41024,16.51404
0201008,kłodzki gmina 08,0201,miejska,14514,51.44627,16.32987
0201009,kłodzki gmina 09,0201,wiejska,17257,51.4448,16.11758
0201010,kłodzki gmina 10,0201,wiejska,10734,51.25936,16.45963
0202001,wrocławski gmina 01,0202,wiejska,14406,51.28904,17.84659
0202002,wrocławski gmina 02,0202,miejsko-wiejska,41138,51.38426,17.7452
0202003,wrocławski gmina 03,0202,wiejska,29139,51.43558,17.60476
0202004,wrocławski gmina 04,0202,miejsko-wiejska,13105,51.30454,17.79307
0202005,wrocławski gmina 05,0202,miejsko-wiejska,12273,51.57811,17.59712
0202006,wrocławski gmina 06,0202,miejska,21667,51.17733,17.4614
0203002,Wrocław gmina 02,0203,miejsko-wiejska,21482,51.08289,16.26545
0203003,Wrocław gmina 03,0203,wiejska,7626,51.16455,16.48541
0203004,Wrocław gmina 04,0203,wiejska,6644,50.82585,16.24644
0203005,Wrocław gmina 05,0203,miejsko-wiejska,22103,50.99191,16.1874
0203006,Wrocław gmina 06,0203,miejsko-wiejska,25389,51.08786,16.37946
0203007,Wrocław gmina 07,0203,miejska,26828,51.01877,16.4763
0204001,dolnośląskie powiat 04 gmina 01,0204,miejsko-wiejska,23942,50.68994,17.32983
0204002,dolnośląskie powiat 04 gmina 02,0204,wiejska,12858,50.61946,17.32449
0204003,dolnośląskie powiat 04 gmina 03,0204,miejsko-wiejska,12679,50.85709,17.25583
0204004,dolnośląskie powiat 04 gmina 04,0204,miejska,30694,50.73756,17.1742
0204005,dolnośląskie powiat 04 gmina 05,0204,wiejska,23852,50.64923,17.1331
0204006,dolnośląskie powiat 04 gmina 06,0204,wiejska,39108,50.5737,17.35941
0205001,dolnośląskie powiat 05 gmina 01,0205,wiejska,900,50.5261,17.11544
0205002,dolnośląskie powiat 05 gmina 02,0205,wiejska,14020,50.60897,17.15765
0205003,dolnośląskie powiat 05 gmina 03,0205,wiejska,17649,50.59625,17.12143
0205004,dolnośląskie powiat 05 gmina 04,0205,miejska,8968,50.5778,17.33314
0205005,dolnośląskie powiat 05 gmina 05,0205,wiejska,23431,50.60615,17.28817
0205006,dolnośląskie powiat 05 gmina 06,0205,wiejska,33408,50.69504,17.17185
0206001,dolnośląskie powiat 06 gmina 01,0206,wiejska,15963,51.40751,17.00422
0206002,dolnośląskie powiat 06 gmina 02,0206,wiejska,21588,51.34038,16.60112
0206003,dolnośląskie powiat 06 gmina 03,0206,miejsko-wiejska,5664,51.39217,16.81502
0206004,dolnośląskie powiat 06 gmina 04,0206,wiejska,13900,51.37472,16.96716
0206005,dolnośląskie powiat 06 gmina 05,0206,wiejska,5903,51.36137,16.8298
0206006,dolnośląskie powiat 06 gmina 06,0206,wiejska,13825,51.42853,16.61123
0207001,dolnośląskie powiat 07 gmina 01,0207,miejska,8251,52.00892,16.87277
0207002,dolnośląskie powiat 07 gmina 02,0207,miejsko-wiejska,4170,52.00276,16.74671
0207003,dolnośląskie powiat 07 gmina 03,0207,wiejska,33806,51.9059,16.66098
0207004,dolnośląskie powiat 07 gmina 04,0207,miejska,10451,51.79375,16.59332
0207005,dolnośląskie powiat 07 gmina 05,0207,wiejska,24518,51.77479,16.84014
0207006,dolnośląskie powiat 07 gmina 06,0207,miejska,30469,51.71802,16.84314
0208001,dolnośląskie powiat 08 gmina 01,0208,miejsko-wiejska,14124,51.17515,17.42719
0208002,dolnośląskie powiat 08 gmina 02,0208,wiejska,18327,51.27772,17.59104
0208003,dolnośląskie powiat 08 gmina 03,0208,wiejska,7302,51.33996,17.71035
0208004,dolnośląskie powiat 08 gmina 04,0208,wiejska,24734,51.39406,17.59833
0208005,dolnośląskie powiat 08 gmina 05,0208,miejsko-wiejska,16618,51.469,17.62367
0208006,dolnośląskie powiat 08 gmina 06,0208,wiejska,20856,51.29765,17.59661
0209001,dolnośląskie powiat 09 gmina 01,0209,miejska,16105,51.21492,17.89828
0209002,dolnośląskie powiat 09 gmina 02,0209,miejsko-wiejska,10179,51.24176,17.54206
0209003,dolnośląskie powiat 09 gmina 03,0209,wiejska,10036,51.08026,17.5948
0209004,dolnośląskie powiat 09 gmina 04,0209,miejsko-wiejska,15567,51.12281,17.86916
0209005,dolnośląskie powiat 09 gmina 05,0209,wiejska,2973,50.96964,17.58893
0209006,dolnośląskie powiat 09 gmina 06,0209,wiejska,8044,51.08526,17.81955
0210001,dolnośląskie powiat 10 gmina 01,0210,wiejska,23954,51.46701,17.51168
0210002,dolnośląskie powiat 10 gmina 02,0210,wiejska,12970,51.40536,17.67827
0210003,dolnośląskie powiat 10 gmina 03,0210,wiejska,4492,51.15028,17.46953
0210004,dolnośląskie powiat 10 gmina 04,0210,wiejska,16257,51.16462,17.78914
0210005,dolnośląskie powiat 10 gmina 05,0210,wiejska,24934,51.37587,17.50056
0210006,dolnośląskie powiat 10 gmina 06,0210,wiejska,29363,51.47651,17.71104
0211001,dolnośląskie powiat 11 gmina 01,0211,miejsko-wiejska,23024,51.36183,16.56851
0211002,dolnośląskie powiat 11 gmina 02,0211,wiejska,11225,51.61479,16.49127
0211003,dolnośląskie powiat 11 gmina 03,0211,wiejska,27177,51.34716,16.33189
0211004,dolnośląskie powiat 11 gmina 04,0211,wiejska,26094,51.40555,16.22615
0211005,dolnośląskie powiat 11 gmina 05,0211,wiejska,9054,51.25516,16.40814
0211006,dolnośląskie powiat 11 gmina 06,0211,wiejska,12546,51.30144,16.43197
0212001,dolnośląskie powiat 12 gmina 01,0212,miejska,15130,50.66894,16.53564
0212002,dolnośląskie powiat 12 gmina 02,0212,wiejska,27250,50.82623,16.22228
0212003,dolnośląskie powiat 12 gmina 03,0212,wiejska,13165,50.8985,16.6065
0212004,dolnośląskie powiat 12 gmina 04,0212,wiejska,3982,50.57485,16.64412
0212005,dolnośląskie powiat 12 gmina 05,0212,wiejska,900,50.52645,16.47262
0212006,dolnośląskie powiat 12 gmina 06,0212,miejsko-wiejska,27414,50.80526,16.63213
0213001,dolnośląskie powiat 13 gmina 01,0213,miejsko-wiejska,23878,51.16878,17.02039
0213002,dolnośląskie powiat 13 gmina 02,0213,miejsko-wiejska,26392,51.26611,16.83372
0213003,dolnośląskie powiat 13 gmina 03,0213,wiejska,7895,51.4772,16.61983
0213004,dolnośląskie powiat 13 gmina 04,0213,wiejska,19889,51.13864,17.04827
0213005,dolnośląskie powiat 13 gmina 05,0213,miejsko-wiejska,10931,51.30875,17.02872
0213006,dolnośląskie powiat 13 gmina 06,0213,miejska,15393,51.29736,16.70059
0214001,dolnośląskie powiat 14 gmina 01,0214,wiejska,25096,51.65608,17.12248
0214002,dolnośląskie powiat 14 gmina 02,0214,wiejska,24563,51.89082,17.29037
0214003,dolnośląskie powiat 14 gmina 03,0214,wiejska,32762,51.93758,17.40443
0214004,dolnośląskie powiat 14 gmina 04,0214,wiejska,21472,51.58104,17.33502
0214005,dolnośląskie powiat 14 gmina 05,0214,wiejska,22628,51.65202,17.1553
0214006,dolnośląskie powiat 14 gmina 06,0214,wiejska,15935,51.87453,17.46033
0215001,dolnośląskie powiat 15 gmina 01,0215,miejska,14795,50.68223,17.46701
0215002,dolnośląskie powiat 15 gmina 02,0215,wiejska,900,50.44663,17.29718
0215003,dolnośląskie powiat 15 gmina 03,0215,miejska,15890,50.70418,17.29902
0215004,dolnośląskie powiat 15 gmina 04,0215,wiejska,17184,50.79771,17.29201
0215005,dolnośląskie powiat 15 gmina 05,0215,wiejska,21177,50.46201,17.49119
0216001,dolnośląskie powiat 16 gmina 01,0216,wiejska,2886,51.28087,17.14558
0216002,dolnośląskie powiat 16 gmina 02,0216,wiejska,14217,51.194,17.0128
0216003,dolnośląskie powiat 16 gmina 03,0216,wiejska,16600,51.48208,16.93994
0216004,dolnośląskie powiat 16 gmina 04,0216,wiejska,13787,51.34613,16.93109
0216005,dolnośląskie powiat 16 gmina 05,0216,miejska,11867,51.32031,17.15591
0217001,dolnośląskie powiat 17 gmina 01,0217,wiejska,22621,51.45333,17.32288
0217002,dolnośląskie powiat 17 gmina 02,0217,miejsko-wiejska,4594,51.44219,17.45707
0217003,dolnośląskie powiat 17 gmina 03,0217,wiejska,16746,51.60317,17.2579
0217004,dolnośląskie powiat 17 gmina 04,0217,wiejska,19387,51.75722,17.55074
0217005,dolnośląskie powiat 17 gmina 05,0217,wiejska,1636,51.65664,17.25243
0218001,dolnośląskie powiat 18 gmina 01,0218,miejsko-wiejska,33483,50.56756,16.82238
0218002,dolnośląskie powiat 18 gmina 02,0218,miejsko-wiejska,23554,50.55347,16.56487
0218003,dolnośląskie powiat 18 gmina 03,0218,wiejska,900,50.87647,16.81544
0218004,dolnośląskie powiat 18 gmina 04,0218,miejsko-wiejska,28182,50.7078,16.7676
0218005,dolnośląskie powiat 18 gmina 05,0218,wiejska,2645,50.70479,16.68537
0219001,dolnośląskie powiat 19 gmina 01,0219,wiejska,8766,51.60547,16.61905
0219002,dolnośląskie powiat 19 gmina 02,0219,wiejska,12447,51.68514,16.86078
0219003,dolnośląskie powiat 19 gmina 03,0219,wiejska,11093,51.58373,16.83686
0219004,dolnośląskie powiat 19 gmina 04,0219,wiejska,8119,51.6865,16.9028
0219005,dolnośląskie powiat 19 gmina 05,0219,miejska,15328,51.86491,16.85953
0220001,dolnośląskie powiat 20 gmina 01,0220,miejsko-wiejska,10516,51.18235,16.65029
0220002,dolnośląskie powiat 20 gmina 02,0220,miejska,9088,50.91686,16.51021
0220003,dolnośląskie powiat 20 gmina 03,0220,miejska,9419,51.08921,16.77527
0220004,dolnośląskie powiat 20 gmina 04,0220,miejsko-wiejska,3995,50.92929,16.56142
0220005,dolnośląskie powiat 20 gmina 05,0220,wiejska,13472,50.85102,16.68753
0221001,dolnośląskie powiat 21 gmina 01,0221,wiejska,900,51.12027,16.72569
0221002,dolnośląskie powiat 21 gmina 02,0221,miejska,3816,51.12104,16.59539
0221003,dolnośląskie powiat 21 gmina 03,0221,miejsko-wiejska,3190,51.11217,16.48943
0221004,dolnośląskie powiat 21 gmina 04,0221,wiejska,1898,51.36702,16.8637
0221005,dolnośląskie powiat 21 gmina 05,0221,wiejska,6372,51.40776,16.87691
0222001,dolnośląskie powiat 22 gmina 01,0222,wiejska,11423,50.81263,17.70505
0222002,dolnośląskie powiat 22 gmina 02,0222,miejsko-wiejska,12463,50.79882,17.77316
0222003,dolnośląskie powiat 22 gmina 03,0222,miejsko-wiejska,14070,50.5992,17.87614
0222004,dolnośląskie powiat 22 gmina 04,0222,miejska,5279,50.89271,17.81002
0222005,dolnośląskie powiat 22 gmina 05,0222,wiejska,17092,50.57374,17.65428
0223001,dolnośląskie powiat 23 gmina 01,0223,wiejska,8915,50.31494,16.45799
0223002,dolnośląskie powiat 23 gmina 02,0223,wiejska,24016,50.39238,16.43559
0223003,dolnośląskie powiat 23 gmina 03,0223,wiejska,13895,50.60941,16.45786
0223004,dolnośląskie powiat 23 gmina 04,0223,wiejska,20877,50.48519,16.52174
0223005,dolnośląskie powiat 23 gmina 05,0223,miejska,18480,50.68661,16.56248
0224001,dolnośląskie powiat 24 gmina 01,0224,wiejska,12424,51.21095,16.37452
0224002,dolnośląskie powiat 24 gmina 02,0224,miejsko-wiejska,13726,51.1738,16.4067
0224003,dolnośląskie powiat 24 gmina 03,0224,wiejska,17159,50.93863,16.3986
0224004,dolnośląskie powiat 24 gmina 04,0224,miejsko-wiejska,30690,50.98994,16.20718
0224005,dolnośląskie powiat 24 gmina 05,0224,miejsko-wiejska,10579,50.97772,16.53327
0225001,dolnośląskie powiat 25 gmina 01,0225,miejska,33334,51.87959,16.95953
0225002,dolnośląskie powiat 25 gmina 02,0225,wiejska,16427,51.74682,17.27346
0225003,dolnośląskie powiat 25 gmina 03,0225,miejsko-wiejska,27035,51.77722,17.0293
0225004,dolnośląskie powiat 25 gmina 04,0225,wiejska,22029,51.85177,17.1502
0225005,dolnośląskie powiat 25 gmina 05,0225,wiejska,48270,52.05734,17.14452
0226001,dolnośląskie powiat 26 gmina 01,0226,miejska,10533,51.293,17.44086
0226002,dolnośląskie powiat 26 gmina 02,0226,wiejska,4051,51.62242,17.32961
0226003,dolnośląskie powiat 26 gmina 03,0226,miejsko-wiejska,21863,51.24482,17.10595
0226004,dolnośląskie powiat 26 gmina 04,0226,miejsko-wiejska,8518,51.55529,17.27252
0226005,dolnośląskie powiat 26 gmina 05,0226,miejska,5256,51.32081,17.40222
0227001,dolnośląskie powiat 27 gmina 01,0227,wiejska,17346,50.80999,17.32331
0227002,dolnośląskie powiat 27 gmina 02,0227,miejska,16194,50.75075,17.2446
0227003,dolnośląskie powiat 27 gmina 03,0227,miejsko-wiejska,17197,50.77108,17.15083
0227004,dolnośląskie powiat 27 gmina 04,0227,wiejska,25536,50.54568,17.38773
0227005,dolnośląskie powiat 27 gmina 05,0227,miejska,900,50.58523,17.07232
0228001,dolnośląskie powiat 28 gmina 01,0228,miejsko-wiejska,16002,51.65307,17.61392
0228002,dolnośląskie powiat 28 gmina 02,0228,wiejska,27058,51.73276,17.56093
0228003,dolnośląskie powiat 28 gmina 03,0228,wiejska,25468,52.00432,17.48166
0228004,dolnośląskie powiat 28 gmina 04,0228,miejska,5231,51.94624,17.7165
0228005,dolnośląskie powiat 28 gmina 05,0228,miejska,23194,51.7355,17.62547
0229001,dolnośląskie powiat 29 gmina 01,0229,miejsko-wiejska,22554,51.10872,16.5274
0229002,dolnośląskie powiat 29 gmina 02,0229,miejska,18345,51.13776,16.71398
0229003,dolnośląskie powiat 29 gmina 03,0229,miejsko-wiejska,21416,50.9818,16.71845
0229004,dolnośląskie powiat 29 gmina 04,0229,miejska,46727,51.098,16.35697
0229005,dolnośląskie powiat 29 gmina 05,0229,miejsko-wiejska,9643,51.13672,16.35096
0230001,dolnośląskie powiat 30 gmina 01,0230,wiejska,8799,51.23469,17.40501
0230002,dolnośląskie powiat 30 gmina 02,0230,miejska,900,51.27157,17.01581
0230003,dolnośląskie powiat 30 gmina 03,0230,wiejska,12306,51.20213,17.34921
0230004,dolnośląskie powiat 30 gmina 04,0230,miejsko-wiejska,5932,51.42879,17.04354
0230005,dolnośląskie powiat 30 gmina 05,0230,miejsko-wiejska,13811,51.41495,17.20231
0401001,kujawsko powiat 01 gmina 01,0401,miejsko-wiejska,16648,53.66629,17.99733
0401002,kujawsko powiat 01 gmina 02,0401,miejsko-wiejska,20111,53.71741,18.02202
0401003,kujawsko powiat 01 gmina 03,0401,wiejska,14983,53.73401,18.06334
0401004,kujawsko powiat 01 gmina 04,0401,wiejska,11980,53.71137,18.03748
0401005,kujawsko powiat 01 gmina 05,0401,wiejska,10909,53.56946,18.19861
0401006,kujawsko powiat 01 gmina 06,0401,wiejska,4995,53.33337,17.91533
0401007,kujawsko powiat 01 gmina 07,0401,miejska,3952,53.43661,17.89435
0402001,kujawsko powiat 02 gmina 01,0402,wiejska,9252,52.77537,17.22598
0402002,kujawsko powiat 02 gmina 02,0402,wiejska,9437,52.83722,17.31171
0402003,kujawsko powiat 02 gmina 03,0402,miejska,4271,52.65129,17.22334
0402004,kujawsko powiat 02 gmina 04,0402,wiejska,5180,52.80923,17.19603
0402005,kujawsko powiat 02 gmina 05,0402,miejsko-wiejska,12944,52.677,17.46412
0402006,kujawsko powiat 02 gmina 06,0402,miejska,6617,52.71435,17.23514
0402007,kujawsko powiat 02 gmina 07,0402,miejska,3254,52.77223,17.28459
0403001,kujawsko powiat 03 gmina 01,0403,wiejska,15243,53.68464,18.31975
0403002,kujawsko powiat 03 gmina 02,0403,wiejska,13401,53.58008,18.56091
0403003,kujawsko powiat 03 gmina 03,0403,wiejska,15464,53.60563,18.70338
0403004,kujawsko powiat 03 gmina 04,0403,wiejska,5585,53.74446,18.63969
0403005,kujawsko powiat 03 gmina 05,0403,miejska,23587,53.84976,18.71456
0403006,kujawsko powiat 03 gmina 06,0403,wiejska,5005,53.61267,18.7027
0403007,kujawsko powiat 03 gmina 07,0403,wiejska,29261,53.89782,18.41414
0404001,kujawsko powiat 04 gmina 01,0404,wiejska,3355,53.78996,17.42027
0404002,kujawsko powiat 04 gmina 02,0404,wiejska,25012,53.74681,17.21699
0404003,kujawsko powiat 04 gmina 03,0404,wiejska,900,53.8345,17.40696
0404004,kujawsko powiat 04 gmina 04,0404,wiejska,7888,53.77703,17.47856
0404005,kujawsko powiat 04 gmina 05,0404,miejsko-wiejska,16669,53.70211,17.47173
0404006,kujawsko powiat 04 gmina 06,0404,wiejska,6073,53.79361,17.44555
0404007,kujawsko powiat 04 gmina 07,0404,miejsko-wiejska,36993,53.86373,17.48158
0405001,kujawsko powiat 05 gmina 01,0405,wiejska,23469,52.46818,18.35565
0405002,kujawsko powiat 05 gmina 02,0405,wiejska,14858,52.66229,18.48365
0405003,kujawsko powiat 05 gmina 03,0405,wiejska,6093,52.65134,18.41554
0405004,kujawsko powiat 05 gmina 04,0405,wiejska,6311,52.29471,18.51764
0405005,kujawsko powiat 05 gmina 05,0405,wiejska,21714,52.27681,18.61209
0405006,kujawsko powiat 05 gmina 06,0405,miejsko-wiejska,12037,52.43315,18.51048
0405007,kujawsko powiat 05 gmina 07,0405,wiejska,13509,52.37116,18.404
0406001,kujawsko powiat 06 gmina 01,0406,wiejska,2326,53.23364,17.68908
0406002,kujawsko powiat 06 gmina 02,0406,wiejska,17108,53.23719,17.65618
0406003,kujawsko powiat 06 gmina 03,0406,wiejska,13415,52.98902,17.48198
0406004,kujawsko powiat 06 gmina 04,0406,wiejska,9746,53.39211,17.49832
0406005,kujawsko powiat 06 gmina 05,0406,wiejska,3984,53.17856,17.527
0406006,kujawsko powiat 06 gmina 06,0406,wiejska,11447,53.28479,17.5763
0406007,kujawsko powiat 06 gmina 07,0406,miejsko-wiejska,4977,53.33469,17.48662
0407001,kujawsko powiat 07 gmina 01,0407,wiejska,1714,52.86053,17.78902
0407002,kujawsko powiat 07 gmina 02,0407,wiejska,8137,52.86497,17.42656
0407003,kujawsko powiat 07 gmina 03,0407,wiejska,5142,52.96643,17.43726
0407004,kujawsko powiat 07 gmina 04,0407,wiejska,7240,52.97835,17.36894
0407005,kujawsko powiat 07 gmina 05,0407,wiejska,10040,52.9593,17.66618
0407006,kujawsko powiat 07 gmina 06,0407,miejska,11254,53.11923,17.71194
0408001,kujawsko powiat 08 gmina 01,0408,wiejska,18821,52.70333,18.67455
0408002,kujawsko powiat 08 gmina 02,0408,wiejska,5465,52.73651,18.91068
0408003,kujawsko powiat 08 gmina 03,0408,wiejska,4379,52.89005,18.7894
0408004,kujawsko powiat 08 gmina 04,0408,miejsko-wiejska,9557,52.9931,18.80276
0408005,kujawsko powiat 08 gmina 05,0408,miejska,5831,52.89144,18.56841
0408006,kujawsko powiat 08 gmina 06,0408,wiejska,8356,52.67293,18.66549
0409001,kujawsko powiat 09 gmina 01,0409,wiejska,5233,52.99468,17.87542
0409002,kujawsko powiat 09 gmina 02,0409,wiejska,900,52.89238,18.09438
0409003,kujawsko powiat 09 gmina 03,0409,miejska,900,53.05481,18.0302
0409004,kujawsko powiat 09 gmina 04,0409,miejska,14350,52.94907,18.0132
0409005,kujawsko powiat 09 gmina 05,0409,miejsko-wiejska,16072,52.87073,18.17346
0409006,kujawsko powiat 09 gmina 06,0409,wiejska,900,53.03304,18.03255
0410001,kujawsko powiat 10 gmina 01,0410,miejska,23486,53.25099,17.41995
0410002,kujawsko powiat 10 gmina 02,0410,wiejska,9844,53.37082,17.51209
0410003,kujawsko powiat 10 gmina 03,0410,miejsko-wiejska,13767,53.23718,17.71028
0410004,kujawsko powiat 10 gmina 04,0410,miejska,17573,53.27784,17.43338
0410005,kujawsko powiat 10 gmina 05,0410,miejska,900,53.19738,17.74552
0410006,kujawsko powiat 10 gmina 06,0410,miejsko-wiejska,28200,53.35231,17.62397
0411001,kujawsko powiat 11 gmina 01,0411,miejsko-wiejska,23377,52.59058,18.11604
0411002,kujawsko powiat 11 gmina 02,0411,miejsko-wiejska,900,52.45787,18.13842
0411003,kujawsko powiat 11 gmina 03,0411,miejsko-wiejska,23907,52.60127,18.08931
0411004,kujawsko powiat 11 gmina 04,0411,wiejska,10764,52.51868,18.13933
0411005,kujawsko powiat 11 gmina 05,0411,wiejska,10422,52.32125,18.07596
0411006,kujawsko powiat 11 gmina 06,0411,wiejska,7036,52.28611,18.13941
0412001,kujawsko powiat 12 gmina 01,0412,wiejska,19663,52.56957,17.52272
0412002,kujawsko powiat 12 gmina 02,0412,wiejska,50227,52.63732,17.82902
0412003,kujawsko powiat 12 gmina 03,0412,miejsko-wiejska,41387,52.60549,17.79967
0412004,kujawsko powiat 12 gmina 04,0412,miejsko-wiejska,22499,52.64129,17.45124
0412005,kujawsko powiat 12 gmina 05,0412,wiejska,43110,52.62432,17.73046
0412006,kujawsko powiat 12 gmina 06,0412,wiejska,10126,52.47515,17.64948
0413001,kujawsko powiat 13 gmina 01,0413,miejska,24132,52.75366,17.62413
0413002,kujawsko powiat 13 gmina 02,0413,miejsko-wiejska,900,52.70173,17.35929
0413003,kujawsko powiat 13 gmina 03,0413,miejsko-wiejska,37196,52.61887,17.23796
0413004,kujawsko powiat 13 gmina 04,0413,wiejska,13040,52.79726,17.55848
0413005,kujawsko powiat 13 gmina 05,0413,wiejska,9603,52.50273,17.47202
0413006,kujawsko powiat 13 gmina 06,0413,wiejska,22714,52.6639,17.33008
0414001,kujawsko powiat 14 gmina 01,0414,wiejska,5603,53.58472,18.49875
0414002,kujawsko powiat 14 gmina 02,0414,miejska,19205,53.48168,18.54997
0414003,kujawsko powiat 14 gmina 03,0414,miejsko-wiejska,16792,53.53265,18.30431
0414004,kujawsko powiat 14 gmina 04,0414,miejsko-wiejska,13271,53.5246,18.24995
0414005,kujawsko powiat 14 gmina 05,0414,miejska,19454,53.38847,18.53565
0414006,kujawsko powiat 14 gmina 06,0414,wiejska,10493,53.74083,18.37022
0415001,kujawsko powiat 15 gmina 01,0415,wiejska,13042,52.69657,17.75781
0415002,kujawsko powiat 15 gmina 02,0415,wiejska,4097,52.43332,17.99273
0415003,kujawsko powiat 15 gmina 03,0415,miejska,2052,52.29938,17.89477
0415004,kujawsko powiat 15 gmina 04,0415,miejska,5338,52.39842,17.98417
0415005,kujawsko powiat 15 gmina 05,0415,miejska,900,52.73369,17.8708
0415006,kujawsko powiat 15 gmina 06,0415,wiejska,11724,52.33006,17.85353
0416001,kujawsko powiat 16 gmina 01,0416,miejsko-wiejska,19722,53.55119,18.57499
0416002,kujawsko powiat 16 gmina 02,0416,miejsko-wiejska,21897,53.49494,18.57323
0416003,kujawsko powiat 16 gmina 03,0416,wiejska,23615,53.16728,18.80066
0416004,kujawsko powiat 16 gmina 04,0416,miejska,3702,53.48142,18.79101
0416005,kujawsko powiat 16 gmina 05,0416,miejska,22211,53.54193,18.55279
0416006,kujawsko powiat 16 gmina 06,0416,wiejska,22596,53.49463,18.77406
0417001,kujawsko powiat 17 gmina 01,0417,miejska,13255,52.81896,17.66922
0417002,kujawsko powiat 17 gmina 02,0417,wiejska,17420,53.00092,17.81135
0417003,kujawsko powiat 17 gmina 03,0417,wiejska,1820,53.1305,17.83705
0417004,kujawsko powiat 17 gmina 04,0417,wiejska,14168,52.98524,17.77154
0417005,kujawsko powiat 17 gmina 05,0417,wiejska,17806,53.15251,17.96741
0417006,kujawsko powiat 17 gmina 06,0417,wiejska,900,52.80704,17.76717
0418001,kujawsko powiat 18 gmina 01,0418,miejska,7312,53.26065,18.08215
0418002,kujawsko powiat 18 gmina 02,0418,wiejska,6083,53.20518,17.92131
0418003,kujawsko powiat 18 gmina 03,0418,miejska,992,53.24638,18.01018
0418004,kujawsko powiat 18 gmina 04,0418,miejska,19988,52.85613,17.78658
0418005,kujawsko powiat 18 gmina 05,0418,wiejska,14119,53.04933,17.94779
0418006,kujawsko powiat 18 gmina 06,0418,miejska,2187,53.00921,17.98002
0419001,kujawsko powiat 19 gmina 01,0419,wiejska,3639,52.6503,18.55966
0419002,kujawsko powiat 19 gmina 02,0419,wiejska,1605,52.61762,18.77885
0419003,kujawsko powiat 19 gmina 03,0419,miejska,6798,52.8954,18.72296
0419004,kujawsko powiat 19 gmina 04,0419,miejsko-wiejska,5491,52.83563,18.74448
0419005,kujawsko powiat 19 gmina 05,0419,wiejska,4852,52.71938,18.62278
0419006,kujawsko powiat 19 gmina 06,0419,wiejska,7444,52.6643,18.74965
0420001,kujawsko powiat 20 gmina 01,0420,miejsko-wiejska,25862,52.53804,18.60941
0420002,kujawsko powiat 20 gmina 02,0420,wiejska,18336,52.4595,18.88183
0420003,kujawsko powiat 20 gmina 03,0420,miejsko-wiejska,20119,52.57307,18.65558
0420004,kujawsko powiat 20 gmina 04,0420,miejsko-wiejska,15459,52.56881,18.55024
0420005,kujawsko powiat 20 gmina 05,0420,miejska,19266,52.5428,18.79105
0420006,kujawsko powiat 20 gmina 06,0420,wiejska,7803,52.42967,18.69577
0421001,kujawsko powiat 21 gmina 01,0421,wiejska,11102,53.71924,18.47323
0421002,kujawsko powiat 21 gmina 02,0421,wiejska,30463,53.92501,18.52845
0421003,kujawsko powiat 21 gmina 03,0421,wiejska,18946,53.71459,18.63553
0421004,kujawsko powiat 21 gmina 04,0421,miejsko-wiejska,900,53.67303,18.83766
0421005,kujawsko powiat 21 gmina 05,0421,wiejska,8320,53.93288,18.61247
0421006,kujawsko powiat 21 gmina 06,0421,wiejska,21529,53.79014,18.74488
0422001,kujawsko powiat 22 gmina 01,0422,miejska,13416,52.69502,18.03681
0422002,kujawsko powiat 22 gmina 02,0422,miejsko-wiejska,16889,52.82803,18.07178
0422003,kujawsko powiat 22 gmina 03,0422,wiejska,13511,52.59834,18.01169
0422004,kujawsko powiat 22 gmina 04,0422,wiejska,5757,52.71748,17.64347
0422005,kujawsko powiat 22 gmina 05,0422,wiejska,8551,52.74812,17.84409
0422006,kujawsko powiat 22 gmina 06,0422,wiejska,19087,52.6912,17.97991
0423001,kujawsko powiat 23 gmina 01,0423,wiejska,5095,52.82982,18.51917
0423002,kujawsko powiat 23 gmina 02,0423,miejsko-wiejska,24442,52.82448,18.66879
0423003,kujawsko powiat 23 gmina 03,0423,miejsko-wiejska,900,52.7226,18.80557
0423004,kujawsko powiat 23 gmina 04,0423,wiejska,12666,53.04193,18.5621
0423005,kujawsko powiat 23 gmina 05,0423,wiejska,20223,52.74831,18.95502
0423006,kujawsko powiat 23 gmina 06,0423,miejsko-wiejska,1214,52.76289,18.92172
0601001,lubelskie powiat 01 gmina 01,0601,miejska,17866,51.07491,23.46318
0601002,lubelskie powiat 01 gmina 02,0601,miejsko-wiejska,33681,50.95306,23.09313
0601003,lubelskie powiat 01 gmina 03,0601,wiejska,27014,51.1024,23.45864
0601004,lubelskie powiat 01 gmina 04,0601,miejsko-wiejska,14292,51.02585,23.17298
0601005,lubelskie powiat 01 gmina 05,0601,miejska,1893,51.05096,23.15404
0601006,lubelskie powiat 01 gmina 06,0601,wiejska,24064,51.0002,23.37755
0601007,lubelskie powiat 01 gmina 07,0601,wiejska,25954,51.11607,23.21325
0601008,lubelskie powiat 01 gmina 08,0601,wiejska,19566,51.33545,23.12574
0601009,lubelskie powiat 01 gmina 09,0601,miejsko-wiejska,26032,50.98036,23.33624
0602001,lubelskie powiat 02 gmina 01,0602,miejsko-wiejska,12821,51.41678,22.69376
0602002,lubelskie powiat 02 gmina 02,0602,wiejska,17848,51.21937,22.83254
0602003,lubelskie powiat 02 gmina 03,0602,miejsko-wiejska,23053,51.40811,22.79048
0602004,lubelskie powiat 02 gmina 04,0602,wiejska,16245,51.30912,23.00516
0602005,lubelskie powiat 02 gmina 05,0602,miejska,30528,51.31345,23.02972
0602006,lubelskie powiat 02 gmina 06,0602,miejsko-wiejska,15768,51.54248,22.73352
0602007,lubelskie powiat 02 gmina 07,0602,wiejska,8850,51.27394,22.95334
0602008,lubelskie powiat 02 gmina 08,0602,miejska,11314,51.46776,22.6856
0602009,lubelskie powiat 02 gmina 09,0602,miejska,27787,51.50725,22.87112
0603001,lubelskie powiat 03 gmina 01,0603,wiejska,5962,51.29115,22.43048
0603002,lubelskie powiat 03 gmina 02,0603,miejsko-wiejska,13781,51.21919,22.6642
0603003,lubelskie powiat 03 gmina 03,0603,wiejska,16891,51.44588,22.48773
0603004,lubelskie powiat 03 gmina 04,0603,miejsko-wiejska,27826,51.22762,22.53483
0603005,lubelskie powiat 03 gmina 05,0603,wiejska,18252,51.25342,22.54154
0603006,lubelskie powiat 03 gmina 06,0603,wiejska,19466,51.38757,22.43852
0603007,lubelskie powiat 03 gmina 07,0603,wiejska,20122,51.53452,22.64305
0603008,lubelskie powiat 03 gmina 08,0603,miejsko-wiejska,17235,51.49822,22.76142
0603009,lubelskie powiat 03 gmina 09,0603,miejsko-wiejska,7157,51.38486,22.62495
0604001,lubelskie powiat 04 gmina 01,0604,miejska,3260,50.5833,22.64556
0604002,lubelskie powiat 04 gmina 02,0604,miejska,5404,50.75639,22.81723
0604003,lubelskie powiat 04 gmina 03,0604,miejsko-wiejska,10144,50.79852,22.70762
0604004,lubelskie powiat 04 gmina 04,0604,wiejska,3922,50.40631,22.76369
0604005,lubelskie powiat 04 gmina 05,0604,miejska,5554,50.72142,22.87826
0604006,lubelskie powiat 04 gmina 06,0604,wiejska,3901,50.73471,22.82552
0604007,lubelskie powiat 04 gmina 07,0604,miejska,900,50.73151,22.84657
0604008,lubelskie powiat 04 gmina 08,0604,miejska,1652,50.66921,22.87682
0604009,lubelskie powiat 04 gmina 09,0604,wiejska,2569,50.6705,22.8916
0605001,lubelskie powiat 05 gmina 01,0605,wiejska,10550,52.15239,22.10649
0605002,lubelskie powiat 05 gmina 02,0605,miejska,12898,51.85365,21.93436
0605003,lubelskie powiat 05 gmina 03,0605,miejsko-wiejska,17377,51.94931,21.71887
0605004,lubelskie powiat 05 gmina 04,0605,wiejska,24466,51.80631,21.77599
0605005,lubelskie powiat 05 gmina 05,0605,wiejska,5561,51.86005,21.72821
0605006,lubelskie powiat 05 gmina 06,0605,miejsko-wiejska,24079,52.12125,22.05929
0605007,lubelskie powiat 05 gmina 07,0605,wiejska,900,51.88205,22.13302
0605008,lubelskie powiat 05 gmina 08,0605,miejska,21983,51.76212,21.85135
0605009,lubelskie powiat 05 gmina 09,0605,wiejska,27017,52.06608,22.14126
0606001,lubelskie powiat 06 gmina 01,0606,wiejska,24458,51.2457,23.03747
0606002,lubelskie powiat 06 gmina 02,0606,miejska,7070,51.26727,22.87036
0606003,lubelskie powiat 06 gmina 03,0606,miejska,10308,51.30405,22.91416
0606004,lubelskie powiat 06 gmina 04,0606,miejsko-wiejska,900,51.58648,22.78352
0606005,lubelskie powiat 06 gmina 05,0606,wiejska,29769,51.59373,22.62547
0606006,lubelskie powiat 06 gmina 06,0606,miejsko-wiejska,3468,51.26624,22.86006
0606007,lubelskie powiat 06 gmina 07,0606,wiejska,17170,51.23093,22.93917
0606008,lubelskie powiat 06 gmina 08,0606,wiejska,12208,51.55859,22.65026
0606009,lubelskie powiat 06 gmina 09,0606,wiejska,12169,51.45026,23.00135
0607001,lubelskie powiat 07 gmina 01,0607,miejska,21169,50.67565,22.60311
0607002,lubelskie powiat 07 gmina 02,0607,wiejska,32186,50.64638,22.65999
0607003,lubelskie powiat 07 gmina 03,0607,wiejska,11263,50.86278,22.65681
0607004,lubelskie powiat 07 gmina 04,0607,miejsko-wiejska,7081,50.69045,22.70116
0607005,lubelskie powiat 07 gmina 05,0607,miejsko-wiejska,4077,50.71739,22.52261
0607006,lubelskie powiat 07 gmina 06,0607,miejsko-wiejska,19379,50.77558,22.63042
0607007,lubelskie powiat 07 gmina 07,0607,wiejska,17055,50.81102,22.81225
0607008,lubelskie powiat 07 gmina 08,0607,wiejska,7259,51.04099,22.53115
0607009,lubelskie powiat 07 gmina 09,0607,miejska,8252,50.65946,22.90485
0608001,lubelskie powiat 08 gmina 01,0608,miejska,3470,51.29683,22.54304
0608002,lubelskie powiat 08 gmina 02,0608,wiejska,4286,51.21211,22.79161
0608003,lubelskie powiat 08 gmina 03,0608,wiejska,5415,51.02206,22.59778
0608004,lubelskie powiat 08 gmina 04,0608,wiejska,3875,51.27488,22.54149
0608005,lubelskie powiat 08 gmina 05,0608,wiejska,2153,51.09349,22.60351
0608006,lubelskie powiat 08 gmina 06,0608,wiejska,2422,50.91666,22.54908
0608007,lubelskie powiat 08 gmina 07,0608,wiejska,1444,50.94139,22.84517
0608008,lubelskie powiat 08 gmina 08,0608,wiejska,4418,51.1962,22.51401
0608009,lubelskie powiat 08 gmina 09,0608,wiejska,1792,50.98669,22.86353
0609001,lubelskie powiat 09 gmina 01,0609,wiejska,12724,51.55542,22.05598
0609002,lubelskie powiat 09 gmina 02,0609,wiejska,16117,51.37791,22.28741
0609003,lubelskie powiat 09 gmina 03,0609,wiejska,14074,51.58903,22.38354
0609004,lubelskie powiat 09 gmina 04,0609,miejsko-wiejska,4085,51.59437,22.32638
0609005,lubelskie powiat 09 gmina 05,0609,miejsko-wiejska,14944,51.73222,22.16535
0609006,lubelskie powiat 09 gmina 06,0609,miejsko-wiejska,9350,51.56035,21.99117
0609007,lubelskie powiat 09 gmina 07,0609,wiejska,3625,51.74699,22.30863
0609008,lubelskie powiat 09 gmina 08,0609,wiejska,19694,51.62371,22.00935
0609009,lubelskie powiat 09 gmina 09,0609,miejska,27478,51.77854,22.31215
0610001,lubelskie powiat 10 gmina 01,0610,wiejska,17373,51.47032,22.48324
0610002,lubelskie powiat 10 gmina 02,0610,miejsko-wiejska,9415,51.65105,22.16187
0610003,lubelskie powiat 10 gmina 03,0610,wiejska,5594,51.68628,22.07789
0610004,lubelskie powiat 10 gmina 04,0610,miejsko-wiejska,12524,51.40557,22.24999
0610005,lubelskie powiat 10 gmina 05,0610,wiejska,4506,51.63012,22.32255
0610006,lubelskie powiat 10 gmina 06,0610,wiejska,12338,51.34925,22.30709
0610007,lubelskie powiat 10 gmina 07,0610,wiejska,13232,51.69749,22.45537
0610008,lubelskie powiat 10 gmina 08,0610,wiejska,12260,51.51972,22.1997
0610009,lubelskie powiat 10 gmina 09,0610,wiejska,13897,51.45258,22.26206
0611001,lubelskie powiat 11 gmina 01,0611,wiejska,21276,51.02723,23.36389
0611002,lubelskie powiat 11 gmina 02,0611,wiejska,20625,50.98099,23.48749
0611003,lubelskie powiat 11 gmina 03,0611,miejska,37643,51.3691,23.49077
0611004,lubelskie powiat 11 gmina 04,0611,wiejska,1933,51.32358,23.22942
0611005,lubelskie powiat 11 gmina 05,0611,miejska,20091,51.00715,23.4784
0611006,lubelskie powiat 11 gmina 06,0611,miejsko-wiejska,17767,51.39259,23.29105
0611007,lubelskie powiat 11 gmina 07,0611,wiejska,30715,51.24797,23.17877
0611008,lubelskie powiat 11 gmina 08,0611,wiejska,33121,51.32648,23.4221
0611009,lubelskie powiat 11 gmina 09,0611,wiejska,3802,51.19065,23.16603
0612001,lubelskie powiat 12 gmina 01,0612,miejsko-wiejska,12712,50.60938,21.97782
0612002,lubelskie powiat 12 gmina 02,0612,miejsko-wiejska,10408,50.47121,22.28462
0612003,lubelskie powiat 12 gmina 03,0612,miejsko-wiejska,10015,50.49617,22.11897
0612004,lubelskie powiat 12 gmina 04,0612,wiejska,6364,50.74873,22.14039
0612005,lubelskie powiat 12 gmina 05,0612,wiejska,8036,50.44089,21.93158
0612006,lubelskie powiat 12 gmina 06,0612,wiejska,9186,50.7694,22.17636
0612007,lubelskie powiat 12 gmina 07,0612,wiejska,9463,50.45834,22.31171
0612008,lubelskie powiat 12 gmina 08,0612,wiejska,6421,50.55648,21.98981
0612009,lubelskie powiat 12 gmina 09,0612,wiejska,9192,50.81095,22.29526
0613001,lubelskie powiat 13 gmina 01,0613,miejsko-wiejska,13239,51.77559,22.16151
0613002,lubelskie powiat 13 gmina 02,0613,miejsko-wiejska,11873,51.93314,22.15661
0613003,lubelskie powiat 13 gmina 03,0613,miejsko-wiejska,8326,51.59913,22.26374
0613004,lubelskie powiat 13 gmina 04,0613,wiejska,11243,51.72981,22.57818
0613005,lubelskie powiat 13 gmina 05,0613,wiejska,28544,51.74884,22.26357
0613006,lubelskie powiat 13 gmina 06,0613,wiejska,35282,51.89338,22.51539
0613007,lubelskie powiat 13 gmina 07,0613,wiejska,32107,51.88685,22.52373
0613008,lubelskie powiat 13 gmina 08,0613,wiejska,26364,51.88024,22.42067
0613009,lubelskie powiat 13 gmina 09,0613,miejsko-wiejska,25645,52.03029,22.43455
0614001,lubelskie powiat 14 gmina 01,0614,miejsko-wiejska,2827,51.64202,22.96659
0614002,lubelskie powiat 14 gmina 02,0614,miejsko-wiejska,4139,51.86393,23.04957
0614003,lubelskie powiat 14 gmina 03,0614,wiejska,1907,51.88016,22.91772
0614004,lubelskie powiat 14 gmina 04,0614,wiejska,900,51.8155,23.0926
0614005,lubelskie powiat 14 gmina 05,0614,miejska,2520,51.71129,22.82455
0614006,lubelskie powiat 14 gmina 06,0614,wiejska,900,51.61068,22.97339
0614007,lubelskie powiat 14 gmina 07,0614,miejsko-wiejska,2114,51.76236,22.99906
0614008,lubelskie powiat 14 gmina 08,0614,miejsko-wiejska,1219,51.8991,23.02359
0614009,lubelskie powiat 14 gmina 09,0614,miejska,2961,51.60682,22.69666
0615001,lubelskie powiat 15 gmina 01,0615,wiejska,8563,50.62391,22.90461
0615002,lubelskie powiat 15 gmina 02,0615,wiejska,4083,50.43591,22.86335
0615003,lubelskie powiat 15 gmina 03,0615,wiejska,2082,50.63499,22.96984
0615004,lubelskie powiat 15 gmina 04,0615,wiejska,6304,50.41761,23.19859
0615005,lubelskie powiat 15 gmina 05,0615,miejsko-wiejska,1769,50.70372,22.85539
0615006,lubelskie powiat 15 gmina 06,0615,wiejska,3917,50.50844,23.20576
0615007,lubelskie powiat 15 gmina 07,0615,wiejska,4931,50.6641,22.8845
0615008,lubelskie powiat 15 gmina 08,0615,miejsko-wiejska,2118,50.46827,23.0746
0615009,lubelskie powiat 15 gmina 09,0615,wiejska,4717,50.60312,23.16679
0616001,lubelskie powiat 16 gmina 01,0616,wiejska,20438,51.54923,23.0846
0616002,lubelskie powiat 16 gmina 02,0616,miejsko-wiejska,14132,51.60651,23.08099
0616003,lubelskie powiat 16 gmina 03,0616,miejska,5272,51.48699,23.34277
0616004,lubelskie powiat 16 gmina 04,0616,wiejska,6349,51.44907,23.43154
0616005,lubelskie powiat 16 gmina 05,0616,wiejska,21083,51.28818,23.09454
0616006,lubelskie powiat 16 gmina 06,0616,wiejska,14573,51.6382,23.09065
0616007,lubelskie powiat 16 gmina 07,0616,wiejska,11553,51.54732,23.11628
0616008,lubelskie powiat 16 gmina 08,0616,miejska,17483,51.44034,23.26582
0616009,lubelskie powiat 16 gmina 09,0616,wiejska,12419,51.63407,23.13801
0617001,lubelskie powiat 17 gmina 01,0617,miejsko-wiejska,3132,51.25499,22.39763
0617002,lubelskie powiat 17 gmina 02,0617,wiejska,21677,51.25714,22.40353
0617003,lubelskie powiat 17 gmina 03,0617,wiejska,32670,51.51035,22.18441
0617004,lubelskie powiat 17 gmina 04,0617,wiejska,9882,51.42629,22.06465
0617005,lubelskie powiat 17 gmina 05,0617,miejska,11441,51.26764,22.29316
0617006,lubelskie powiat 17 gmina 06,0617,wiejska,39539,51.49202,22.11947
0617007,lubelskie powiat 17 gmina 07,0617,miejska,22129,51.39761,22.29449
0617008,lubelskie powiat 17 gmina 08,0617,wiejska,5186,51.40983,22.1903
0617009,lubelskie powiat 17 gmina 09,0617,wiejska,11384,51.17372,22.3128
0618001,lubelskie powiat 18 gmina 01,0618,wiejska,9204,51.48541,22.19493
0618002,lubelskie powiat 18 gmina 02,0618,miejska,18293,51.41327,22.26929
0618003,lubelskie powiat 18 gmina 03,0618,miejska,13338,51.66918,21.9556
0618004,lubelskie powiat 18 gmina 04,0618,wiejska,12679,51.44081,22.01952
0618005,lubelskie powiat 18 gmina 05,0618,wiejska,16993,51.44166,22.21331
0618006,lubelskie powiat 18 gmina 06,0618,wiejska,11934,51.44431,22.31437
0618007,lubelskie powiat 18 gmina 07,0618,miejsko-wiejska,14747,51.35412,22.19932
0618008,lubelskie powiat 18 gmina 08,0618,wiejska,2596,51.41854,21.94344
0618009,lubelskie powiat 18 gmina 09,0618,wiejska,12330,51.67129,21.94837
0619001,lubelskie powiat 19 gmina 01,0619,miejska,27178,51.76475,23.07184
0619002,lubelskie powiat 19 gmina 02,0619,wiejska,11541,51.71137,22.88492
0619003,lubelskie powiat 19 gmina 03,0619,wiejska,5180,51.95946,22.90936
0619004,lubelskie powiat 19 gmina 04,0619,wiejska,12554,51.65469,23.24244
0619005,lubelskie powiat 19 gmina 05,0619,miejsko-wiejska,14730,51.82709,23.14116
0619006,lubelskie powiat 19 gmina 06,0619,wiejska,900,51.6754,23.22614
0619007,lubelskie powiat 19 gmina 07,0619,miejsko-wiejska,18610,51.75411,23.03727
0619008,lubelskie powiat 19 gmina 08,0619,miejsko-wiejska,16727,51.98646,23.15305
0619009,lubelskie powiat 19 gmina 09,0619,miejska,15778,51.6603,23.28225
0620001,lubelskie powiat 20 gmina 01,0620,miejsko-wiejska,16800,51.09491,22.27335
0620002,lubelskie powiat 20 gmina 02,0620,miejska,13363,51.07895,22.1712
0620003,lubelskie powiat 20 gmina 03,0620,miejsko-wiejska,37909,51.21302,22.38238
0620004,lubelskie powiat 20 gmina 04,0620,miejska,39229,50.96155,22.19439
0620005,lubelskie powiat 20 gmina 05,0620,wiejska,11287,51.02697,22.15168
0620006,lubelskie powiat 20 gmina 06,0620,miejsko-wiejska,2080,51.16559,22.26203
0620007,lubelskie powiat 20 gmina 07,0620,wiejska,18415,51.20659,22.16227
0620008,lubelskie powiat 20 gmina 08,0620,wiejska,15038,51.20301,22.12279
0620009,lubelskie powiat 20 gmina 09,0620,miejsko-wiejska,900,51.20943,22.18277
0621001,lubelskie powiat 21 gmina 01,0621,miejska,4805,50.69344,22.99335
0621002,lubelskie powiat 21 gmina 02,0621,miejsko-wiejska,20329,51.04292,23.08507
0621003,lubelskie powiat 21 gmina 03,0621,miejska,16563,50.77542,23.13711
0621004,lubelskie powiat 21 gmina 04,0621,wiejska,13438,50.76742,22.99331
0621005,lubelskie powiat 21 gmina 05,0621,miejsko-wiejska,20822,51.02198,22.90741
0621006,lubelskie powiat 21 gmina 06,0621,wiejska,10705,50.86614,22.76248
0621007,lubelskie powiat 21 gmina 07,0621,miejska,9842,50.85086,22.95539
0621008,lubelskie powiat 21 gmina 08,0621,wiejska,9705,50.70942,22.9761
0621009,lubelskie powiat 21 gmina 09,0621,miejsko-wiejska,20959,50.76044,23.0057
0622001,lubelskie powiat 22 gmina 01,0622,wiejska,5816,51.0779,21.63678
0622002,lubelskie powiat 22 gmina 02,0622,wiejska,24911,51.19072,21.82108
0622003,lubelskie powiat 22 gmina 03,0622,wiejska,22506,51.23303,21.66307
0622004,lubelskie powiat 22 gmina 04,0622,wiejska,31363,51.28318,22.03725
0622005,lubelskie powiat 22 gmina 05,0622,miejska,23961,51.1477,21.92182
0622006,lubelskie powiat 22 gmina 06,0622,miejska,26234,51.23345,21.93039
0622007,lubelskie powiat 22 gmina 07,0622,miejsko-wiejska,10199,51.1868,21.69542
0622008,lubelskie powiat 22 gmina 08,0622,miejska,28836,51.26185,21.92829
0623001,lubelskie powiat 23 gmina 01,0623,miejsko-wiejska,2476,51.27726,23.25801
0623002,lubelskie powiat 23 gmina 02,0623,miejsko-wiejska,7794,51.29311,23.14001
0623003,lubelskie powiat 23 gmina 03,0623,wiejska,38276,51.15413,23.06977
0623004,lubelskie powiat 23 gmina 04,0623,wiejska,23447,51.46397,23.06278
0623005,lubelskie powiat 23 gmina 05,0623,wiejska,16005,51.5002,22.92826
0623006,lubelskie powiat 23 gmina 06,0623,miejsko-wiejska,11581,51.26535,23.11453
0623007,lubelskie powiat 23 gmina 07,0623,miejsko-wiejska,30828,51.3167,23.01954
0623008,lubelskie powiat 23 gmina 08,0623,miejsko-wiejska,8338,51.21527,23.27427
0624001,lubelskie powiat 24 gmina 01,0624,wiejska,6408,50.69789,21.84825
0624002,lubelskie powiat 24 gmina 02,0624,miejsko-wiejska,900,50.63016,22.09823
0624003,lubelskie powiat 24 gmina 03,0624,wiejska,11413,50.81186,22.2012
0624004,lubelskie powiat 24 gmina 04,0624,wiejska,16258,50.62649,21.9415
0624005,lubelskie powiat 24 gmina 05,0624,miejsko-wiejska,934,50.93043,22.07561
0624006,lubelskie powiat 24 gmina 06,0624,wiejska,8945,50.64049,21.84035
0624007,lubelskie powiat 24 gmina 07,0624,wiejska,1453,50.71,22.04065
0624008,lubelskie powiat 24 gmina 08,0624,miejsko-wiejska,13536,50.86885,21.91538
0801001,Krosno Odrzańskie,0801,miejska,26769,53.38884,15.83537
0801002,krośnieński gmina 02,0801,miejska,29506,53.14581,15.93727
0801003,krośnieński gmina 03,0801,miejsko-wiejska,14373,53.18396,15.71744
0801004,krośnieński gmina 04,0801,miejsko-wiejska,9540,53.38943,15.6214
0801005,krośnieński gmina 05,0801,wiejska,28579,53.10294,15.98913
0801006,krośnieński gmina 06,0801,miejsko-wiejska,4872,53.30481,15.71173
0801007,krośnieński gmina 07,0801,wiejska,26524,53.40933,15.73375
0802001,nowosolski gmina 01,0802,wiejska,8681,52.56204,14.84235
0802002,nowosolski gmina 02,0802,wiejska,3056,52.38402,14.41869
0802003,nowosolski gmina 03,0802,miejsko-wiejska,3525,52.52394,14.77818
0802004,nowosolski gmina 04,0802,wiejska,2811,52.45113,14.69795
0802005,nowosolski gmina 05,0802,wiejska,9013,52.48259,14.83728
0802006,nowosolski gmina 06,0802,wiejska,15465,52.21916,14.71336
0803001,lubuskie powiat 03 gmina 01,0803,wiejska,5097,52.86376,14.67917
0803002,lubuskie powiat 03 gmina 02,0803,wiejska,1744,52.75502,14.74758
0803003,lubuskie powiat 03 gmina 03,0803,wiejska,5664,52.7659,14.55826
0803004,lubuskie powiat 03 gmina 04,0803,wiejska,2023,52.72017,14.90088
0803005,lubuskie powiat 03 gmina 05,0803,miejsko-wiejska,1331,52.94977,14.64819
0803006,lubuskie powiat 03 gmina 06,0803,wiejska,5120,52.83765,14.58741
0804001,lubuskie powiat 04 gmina 01,0804,miejska,16808,53.24672,15.95941
0804002,lubuskie powiat 04 gmina 02,0804,wiejska,9626,53.16104,15.81699
0804003,lubuskie powiat 04 gmina 03,0804,miejsko-wiejska,17158,53.39488,15.95653
0804004,lubuskie powiat 04 gmina 04,0804,miejska,9021,53.42613,16.15481
0804005,lubuskie powiat 04 gmina 05,0804,wiejska,5832,53.46169,15.99314
0804006,lubuskie powiat 04 gmina 06,0804,wiejska,28897,53.48562,16.02343
0805001,lubuskie powiat 05 gmina 01,0805,wiejska,988,53.04144,14.99478
0805002,lubuskie powiat 05 gmina 02,0805,wiejska,4086,53.27264,15.11881
0805003,lubuskie powiat 05 gmina 03,0805,wiejska,1358,52.89094,15.15232
0805004,lubuskie powiat 05 gmina 04,0805,miejska,5750,53.09776,15.17429
0805005,lubuskie powiat 05 gmina 05,0805,wiejska,2720,52.87488,14.78589
0805006,lubuskie powiat 05 gmina 06,0805,wiejska,5336,53.21203,15.13766
0806001,lubuskie powiat 06 gmina 01,0806,miejsko-wiejska,16335,53.27936,15.98444
0806002,lubuskie powiat 06 gmina 02,0806,wiejska,15513,53.25464,15.96839
0806003,lubuskie powiat 06 gmina 03,0806,miejska,17377,53.1161,15.59341
0806004,lubuskie powiat 06 gmina 04,0806,wiejska,12058,53.3196,15.80046
0806005,lubuskie powiat 06 gmina 05,0806,wiejska,16410,53.14088,15.8322
0806006,lubuskie powiat 06 gmina 06,0806,wiejska,5552,52.97758,15.85115
0807001,lubuskie powiat 07 gmina 01,0807,wiejska,2843,52.26156,15.82472
0807002,lubuskie powiat 07 gmina 02,0807,miejska,8522,51.96088,15.97539
0807003,lubuskie powiat 07 gmina 03,0807,wiejska,3973,51.967,15.90377
0807004,lubuskie powiat 07 gmina 04,0807,wiejska,5289,52.10279,15.85777
0807005,lubuskie powiat 07 gmina 05,0807,wiejska,7148,52.10098,15.91794
0807006,lubuskie powiat 07 gmina 06,0807,wiejska,14473,52.3514,15.63044
0808001,lubuskie powiat 08 gmina 01,0808,miejsko-wiejska,3410,52.42135,15.64786
0808002,lubuskie powiat 08 gmina 02,0808,miejska,13050,52.344,15.72791
0808003,lubuskie powiat 08 gmina 03,0808,wiejska,7490,52.3368,15.90035
0808004,lubuskie powiat 08 gmina 04,0808,wiejska,2067,52.4297,15.88124
0808005,lubuskie powiat 08 gmina 05,0808,wiejska,10513,52.32597,15.5545
0808006,lubuskie powiat 08 gmina 06,0808,wiejska,9868,52.46774,15.56918
0809001,lubuskie powiat 09 gmina 01,0809,miejsko-wiejska,900,52.4828,14.70454
0809002,lubuskie powiat 09 gmina 02,0809,wiejska,13714,52.31115,14.53615
0809003,lubuskie powiat 09 gmina 03,0809,wiejska,12247,52.42745,14.50866
0809004,lubuskie powiat 09 gmina 04,0809,miejska,934,52.1646,14.58271
0809005,lubuskie powiat 09 gmina 05,0809,wiejska,1608,52.24802,14.49258
0809006,lubuskie powiat 09 gmina 06,0809,wiejska,7341,52.24269,14.55133
0810001,lubuskie powiat 10 gmina 01,0810,wiejska,18161,52.44765,15.55746
0810002,lubuskie powiat 10 gmina 02,0810,wiejska,15342,52.35666,15.88085
0810003,lubuskie powiat 10 gmina 03,0810,wiejska,9662,52.5817,15.9416
0810004,lubuskie powiat 10 gmina 04,0810,wiejska,17842,52.41704,15.68974
0810005,lubuskie powiat 10 gmina 05,0810,miejska,22484,52.62958,15.93316
0810006,lubuskie powiat 10 gmina 06,0810,miejsko-wiejska,15825,52.49618,15.67115
0811001,lubuskie powiat 11 gmina 01,0811,miejska,10717,52.37452,15.95368
0811002,lubuskie powiat 11 gmina 02,0811,wiejska,15634,52.62235,15.90878
0811003,lubuskie powiat 11 gmina 03,0811,wiejska,5711,52.60545,16.16996
0811004,lubuskie powiat 11 gmina 04,0811,wiejska,10957,52.70741,15.89148
0811005,lubuskie powiat 11 gmina 05,0811,wiejska,900,52.49436,15.93499
0811006,lubuskie powiat 11 gmina 06,0811,wiejska,15596,52.54091,15.95147
0812001,lubuskie powiat 12 gmina 01,0812,wiejska,1710,53.44584,14.50478
0812002,lubuskie powiat 12 gmina 02,0812,miejsko-wiejska,2202,53.372,14.51063
0812003,lubuskie powiat 12 gmina 03,0812,wiejska,900,53.49946,14.64455
0812004,lubuskie powiat 12 gmina 04,0812,miejska,11033,53.27194,14.64637
0812005,lubuskie powiat 12 gmina 05,0812,wiejska,14082,53.26664,14.83121
0813001,lubuskie powiat 13 gmina 01,0813,miejska,14925,52.37166,14.62144
0813002,lubuskie powiat 13 gmina 02,0813,miejsko-wiejska,9248,52.47464,14.6508
0813003,lubuskie powiat 13 gmina 03,0813,wiejska,13727,52.53234,14.53726
0813004,lubuskie powiat 13 gmina 04,0813,miejsko-wiejska,17309,52.32573,14.70887
0813005,lubuskie powiat 13 gmina 05,0813,miejsko-wiejska,4525,52.39233,14.58698
0814001,lubuskie powiat 14 gmina 01,0814,wiejska,6515,53.24142,14.94354
0814002,lubuskie powiat 14 gmina 02,0814,miejska,7716,53.12547,14.95013
0814003,lubuskie powiat 14 gmina 03,0814,wiejska,8292,53.14275,14.82239
0814004,lubuskie powiat 14 gmina 04,0814,miejska,7806,53.019,15.04493
0814005,lubuskie powiat 14 gmina 05,0814,wiejska,14195,53.17653,14.94119
1001001,łódzkie powiat 01 gmina 01,1001,miejsko-wiejska,12644,51.74679,18.93903
1001002,łódzkie powiat 01 gmina 02,1001,wiejska,11056,51.90641,18.93898
1001003,łódzkie powiat 01 gmina 03,1001,miejska,10587,51.67132,19.11988
1001004,łódzkie powiat 01 gmina 04,1001,wiejska,14755,52.0757,19.1318
1001005,łódzkie powiat 01 gmina 05,1001,wiejska,10237,51.66227,19.18468
1001006,łódzkie powiat 01 gmina 06,1001,miejsko-wiejska,13400,51.85173,19.3049
1001007,łódzkie powiat 01 gmina 07,1001,wiejska,14021,51.72913,19.23344
1001008,łódzkie powiat 01 gmina 08,1001,wiejska,900,51.73411,19.15833
1002001,łódzkie powiat 02 gmina 01,1002,wiejska,4305,51.11038,20.02514
1002002,łódzkie powiat 02 gmina 02,1002,wiejska,5159,50.96134,19.92213
1002003,łódzkie powiat 02 gmina 03,1002,wiejska,7710,51.16996,20.09628
1002004,łódzkie powiat 02 gmina 04,1002,miejska,8091,51.00112,20.14485
1002005,łódzkie powiat 02 gmina 05,1002,miejska,4631,51.13664,20.09582
1002006,łódzkie powiat 02 gmina 06,1002,miejsko-wiejska,6905,51.05727,20.23847
1002007,łódzkie powiat 02 gmina 07,1002,wiejska,5879,51.13268,20.16002
1002008,łódzkie powiat 02 gmina 08,1002,miejsko-wiejska,7520,51.02486,19.97533
1003001,łódzkie powiat 03 gmina 01,1003,wiejska,11951,52.14254,19.20007
1003002,łódzkie powiat 03 gmina 02,1003,miejska,900,52.10169,19.07533
1003003,łódzkie powiat 03 gmina 03,1003,miejsko-wiejska,9498,52.00508,19.13464
1003004,łódzkie powiat 03 gmina 04,1003,wiejska,27369,51.97494,19.1155
1003005,łódzkie powiat 03 gmina 05,1003,miejska,23353,52.14249,19.28664
1003006,łódzkie powiat 03 gmina 06,1003,wiejska,13111,52.09776,19.17133
1003007,łódzkie powiat 03 gmina 07,1003,wiejska,17363,51.86324,19.31902
1003008,łódzkie powiat 03 gmina 08,1003,wiejska,6516,51.95602,19.15358
1004001,łódzkie powiat 04 gmina 01,1004,miejsko-wiejska,4734,52.11775,19.16312
1004002,łódzkie powiat 04 gmina 02,1004,wiejska,11361,52.02972,19.09296
1004003,łódzkie powiat 04 gmina 03,1004,wiejska,16316,51.93708,19.29172
1004004,łódzkie powiat 04 gmina 04,1004,wiejska,3463,52.1146,19.1778
1004005,łódzkie powiat 04 gmina 05,1004,wiejska,6536,51.85675,19.07566
1004006,łódzkie powiat 04 gmina 06,1004,miejska,17409,52.09227,19.29229
1004007,łódzkie powiat 04 gmina 07,1004,miejska,19406,52.20997,18.98363
1004008,łódzkie powiat 04 gmina 08,1004,wiejska,21971,51.97713,19.0095
1005001,łódzkie powiat 05 gmina 01,1005,wiejska,42653,51.2749,18.96654
1005002,łódzkie powiat 05 gmina 02,1005,wiejska,21823,51.46892,19.26304
1005003,łódzkie powiat 05 gmina 03,1005,wiejska,15083,51.65579,19.31083
1005004,łódzkie powiat 05 gmina 04,1005,wiejska,27152,51.52871,19.30365
1005005,łódzkie powiat 05 gmina 05,1005,wiejska,24650,51.25447,19.21372
1005006,łódzkie powiat 05 gmina 06,1005,miejska,32047,51.25555,19.0552
1005007,łódzkie powiat 05 gmina 07,1005,miejsko-wiejska,15321,51.30896,19.38853
1005008,łódzkie powiat 05 gmina 08,1005,wiejska,34728,51.49756,19.17774
1006001,łódzkie powiat 06 gmina 01,1006,wiejska,29661,51.42299,18.96915
1006002,łódzkie powiat 06 gmina 02,1006,wiejska,900,51.54596,19.35333
1006003,łódzkie powiat 06 gmina 03,1006,miejsko-wiejska,10888,51.6596,19.01507
1006004,łódzkie powiat 06 gmina 04,1006,miejska,14521,51.57194,18.97632
1006005,łódzkie powiat 06 gmina 05,1006,miejsko-wiejska,39279,51.52227,19.34617
1006006,łódzkie powiat 06 gmina 06,1006,wiejska,12427,51.75058,19.18243
1006007,łódzkie powiat 06 gmina 07,1006,miejsko-wiejska,19559,51.81786,19.17727
1006008,łódzkie powiat 06 gmina 08,1006,wiejska,900,51.59469,19.1322
1007001,łódzkie powiat 07 gmina 01,1007,miejska,900,51.81721,19.89137
1007002,łódzkie powiat 07 gmina 02,1007,wiejska,900,52.10302,19.94138
1007003,łódzkie powiat 07 gmina 03,1007,miejska,22393,52.22558,20.06747
1007004,łódzkie powiat 07 gmina 04,1007,miejsko-wiejska,11343,51.8461,20.13664
1007005,łódzkie powiat 07 gmina 05,1007,wiejska,4616,51.83863,20.25002
1007006,łódzkie powiat 07 gmina 06,1007,wiejska,36491,51.92357,20.25694
1007007,łódzkie powiat 07 gmina 07,1007,wiejska,16400,52.20555,20.05977
1007008,łódzkie powiat 07 gmina 08,1007,wiejska,900,51.89616,19.92943
1008001,łódzkie powiat 08 gmina 01,1008,miejska,33172,51.5128,19.37655
1008002,łódzkie powiat 08 gmina 02,1008,miejsko-wiejska,10867,51.53253,19.57799
1008003,łódzkie powiat 08 gmina 03,1008,wiejska,9510,51.47887,19.32651
1008004,łódzkie powiat 08 gmina 04,1008,miejsko-wiejska,10001,51.67418,19.70259
1008005,łódzkie powiat 08 gmina 05,1008,miejsko-wiejska,17298,51.45657,19.74104
1008006,łódzkie powiat 08 gmina 06,1008,miejsko-wiejska,26383,51.49435,19.33174
1008007,łódzkie powiat 08 gmina 07,1008,wiejska,5676,51.45108,19.54585
1008008,łódzkie powiat 08 gmina 08,1008,wiejska,29087,51.31753,19.73757
1009001,łódzkie powiat 09 gmina 01,1009,miejska,17320,51.86161,19.77131
1009002,łódzkie powiat 09 gmina 02,1009,wiejska,25462,51.80237,19.73768
1009003,łódzkie powiat 09 gmina 03,1009,wiejska,8427,51.90055,19.5724
1009004,łódzkie powiat 09 gmina 04,1009,wiejska,9286,51.87864,19.56069
1009005,łódzkie powiat 09 gmina 05,1009,wiejska,16505,51.823,19.84396
1009006,łódzkie powiat 09 gmina 06,1009,miejska,18661,51.91257,19.56863
1009007,łódzkie powiat 09 gmina 07,1009,wiejska,11082,51.77796,19.57181
1009008,łódzkie powiat 09 gmina 08,1009,miejsko-wiejska,17832,52.08121,19.53386
1010001,łódzkie powiat 10 gmina 01,1010,miejsko-wiejska,5298,51.53015,19.02637
1010002,łódzkie powiat 10 gmina 02,1010,wiejska,1610,51.76949,19.1521
1010003,łódzkie powiat 10 gmina 03,1010,wiejska,3472,51.69978,19.0564
1010004,łódzkie powiat 10 gmina 04,1010,wiejska,3036,51.81052,19.01623
1010005,łódzkie powiat 10 gmina 05,1010,wiejska,900,51.65038,18.9538
1010006,łódzkie powiat 10 gmina 06,1010,miejska,1875,51.56583,18.81528
1010007,łódzkie powiat 10 gmina 07,1010,wiejska,938,51.83408,19.23032
1011001,łódzkie powiat 11 gmina 01,1011,wiejska,10051,51.12054,18.95653
1011002,łódzkie powiat 11 gmina 02,1011,wiejska,23622,51.33994,18.82769
1011003,łódzkie powiat 11 gmina 03,1011,miejska,10417,51.16981,18.89114
1011004,łódzkie powiat 11 gmina 04,1011,wiejska,7950,51.11747,18.96859
1011005,łódzkie powiat 11 gmina 05,1011,miejska,7256,51.41726,18.64458
1011006,łódzkie powiat 11 gmina 06,1011,wiejska,14902,51.14416,18.75262
1011007,łódzkie powiat 11 gmina 07,1011,miejsko-wiejska,30099,51.16309,18.80895
1012001,łódzkie powiat 12 gmina 01,1012,miejsko-wiejska,12339,51.8984,19.24702
1012002,łódzkie powiat 12 gmina 02,1012,wiejska,21582,51.74877,19.309
1012003,łódzkie powiat 12 gmina 03,1012,miejska,20573,52.1524,19.29709
1012004,łódzkie powiat 12 gmina 04,1012,wiejska,22387,51.76668,19.3754
1012005,łódzkie powiat 12 gmina 05,1012,miejsko-wiejska,25260,51.75021,19.16347
1012006,łódzkie powiat 12 gmina 06,1012,miejsko-wiejska,22235,51.80693,19.27691
1012007,łódzkie powiat 12 gmina 07,1012,wiejska,14189,51.87473,19.09763
1013001,łódzkie powiat 13 gmina 01,1013,wiejska,5328,51.49511,18.79726
1013002,łódzkie powiat 13 gmina 02,1013,wiejska,11754,51.50472,18.92778
1013003,łódzkie powiat 13 gmina 03,1013,miejsko-wiejska,6060,51.24602,18.98042
1013004,łódzkie powiat 13 gmina 04,1013,wiejska,2984,51.43311,18.86259
1013005,łódzkie powiat 13 gmina 05,1013,wiejska,2680,51.37431,19.01501
1013006,łódzkie powiat 13 gmina 06,1013,wiejska,8291,51.26241,18.93744
1013007,łódzkie powiat 13 gmina 07,1013,wiejska,2782,51.2871,18.89901
1014001,łódzkie powiat 14 gmina 01,1014,miejsko-wiejska,9987,51.1565,19.55747
1014002,łódzkie powiat 14 gmina 02,1014,miejsko-wiejska,24318,51.16012,19.60442
1014003,łódzkie powiat 14 gmina 03,1014,wiejska,13961,51.36637,19.20272
1014004,łódzkie powiat 14 gmina 04,1014,wiejska,22149,51.15964,19.3631
1014005,łódzkie powiat 14 gmina 05,1014,miejska,14996,51.4031,19.37239
1014006,łódzkie powiat 14 gmina 06,1014,wiejska,6642,51.32294,19.31441
1014007,łódzkie powiat 14 gmina 07,1014,miejsko-wiejska,20669,51.26187,19.5351
1015001,łódzkie powiat 15 gmina 01,1015,miejsko-wiejska,2218,51.85911,19.10454
1015002,łódzkie powiat 15 gmina 02,1015,wiejska,10314,51.91553,19.15318
1015003,łódzkie powiat 15 gmina 03,1015,wiejska,23398,52.00565,18.89739
1015004,łódzkie powiat 15 gmina 04,1015,miejska,8230,51.81648,18.78618
1015005,łódzkie powiat 15 gmina 05,1015,wiejska,11907,51.77885,18.8961
1015006,łódzkie powiat 15 gmina 06,1015,miejska,6052,52.05378,18.88009
1015007,łódzkie powiat 15 gmina 07,1015,miejsko-wiejska,13243,51.87094,19.12941
1016001,łódzkie powiat 16 gmina 01,1016,wiejska,25634,51.73479,19.20021
1016002,łódzkie powiat 16 gmina 02,1016,miejska,900,51.55543,19.19327
1016003,łódzkie powiat 16 gmina 03,1016,miejsko-wiejska,20680,51.73763,18.93654
1016004,łódzkie powiat 16 gmina 04,1016,wiejska,900,51.58443,19.18996
1016005,łódzkie powiat 16 gmina 05,1016,wiejska,23321,51.87011,19.04688
1016006,łódzkie powiat 16 gmina 06,1016,miejsko-wiejska,16206,51.87001,19.08128
1016007,łódzkie powiat 16 gmina 07,1016,wiejska,9075,51.73881,19.15181
1017001,łódzkie powiat 17 gmina 01,1017,wiejska,24528,51.96283,19.05835
1017002,łódzkie powiat 17 gmina 02,1017,wiejska,26633,52.05573,18.92683
1017003,łódzkie powiat 17 gmina 03,1017,wiejska,3443,52.0401,18.69557
1017004,łódzkie powiat 17 gmina 04,1017,wiejska,24743,52.08706,18.71952
1017005,łódzkie powiat 17 gmina 05,1017,miejsko-wiejska,24052,51.9482,18.66436
1017006,łódzkie powiat 17 gmina 06,1017,wiejska,18208,52.15339,18.90821
1017007,łódzkie powiat 17 gmina 07,1017,miejsko-wiejska,16697,51.98449,18.91808
1018001,łódzkie powiat 18 gmina 01,1018,miejska,5724,51.4917,20.19801
1018002,łódzkie powiat 18 gmina 02,1018,wiejska,3688,51.40128,19.97831
1018003,łódzkie powiat 18 gmina 03,1018,wiejska,15718,51.48497,20.26992
1018004,łódzkie powiat 18 gmina 04,1018,wiejska,5318,51.13793,20.22622
1018005,łódzkie powiat 18 gmina 05,1018,wiejska,7114,51.11231,20.31836
1018006,łódzkie powiat 18 gmina 06,1018,wiejska,15359,51.35973,20.00645
1018007,łódzkie powiat 18 gmina 07,1018,wiejska,21135,51.206,20.24521
1019001,łódzkie powiat 19 gmina 01,1019,miejska,900,52.30569,19.201
1019002,łódzkie powiat 19 gmina 02,1019,wiejska,26351,52.1918,19.28656
1019003,łódzkie powiat 19 gmina 03,1019,miejska,14441,52.22848,19.25233
1019004,łódzkie powiat 19 gmina 04,1019,wiejska,12158,52.4387,19.51214
1019005,łódzkie powiat 19 gmina 05,1019,wiejska,2291,52.29884,19.34119
1019006,łódzkie powiat 19 gmina 06,1019,wiejska,9096,52.28062,19.41334
1019007,łódzkie powiat 19 gmina 07,1019,miejska,25170,52.1103,19.4009
1020001,łódzkie powiat 20 gmina 01,1020,miejsko-wiejska,5115,52.15806,20.02494
1020002,łódzkie powiat 20 gmina 02,1020,miejsko-wiejska,7003,51.83402,20.21909
1020003,łódzkie powiat 20 gmina 03,1020,wiejska,4176,52.08006,20.1992
1020004,łódzkie powiat 20 gmina 04,1020,miejsko-wiejska,6640,52.05719,19.99902
1020005,łódzkie powiat 20 gmina 05,1020,miejsko-wiejska,8183,51.88241,20.18406
1020006,łódzkie powiat 20 gmina 06,1020,miejsko-wiejska,6417,51.81728,20.21337
1020007,łódzkie powiat 20 gmina 07,1020,wiejska,5138,51.97359,20.13023
1021001,łódzkie powiat 21 gmina 01,1021,wiejska,4436,51.72607,19.59588
1021002,łódzkie powiat 21 gmina 02,1021,miejska,6684,52.12381,19.98757
1021003,łódzkie powiat 21 gmina 03,1021,wiejska,2183,51.79154,19.79643
1021004,łódzkie powiat 21 gmina 04,1021,wiejska,5738,51.98332,19.64363
1021005,łódzkie powiat 21 gmina 05,1021,wiejska,8577,51.98917,19.72241
1021006,łódzkie powiat 21 gmina 06,1021,miejska,9407,52.00089,19.95335
1021007,łódzkie powiat 21 gmina 07,1021,miejsko-wiejska,11553,51.85669,19.63451
1022001,łódzkie powiat 22 gmina 01,1022,wiejska,32280,52.22998,19.46283
1022002,łódzkie powiat 22 gmina 02,1022,wiejska,20701,52.19861,19.64405
1022003,łódzkie powiat 22 gmina 03,1022,wiejska,26046,52.35443,19.57551
1022004,łódzkie powiat 22 gmina 04,1022,miejsko-wiejska,41909,52.44255,19.41961
1022005,łódzkie powiat 22 gmina 05,1022,wiejska,37912,52.23195,19.48253
1022006,łódzkie powiat 22 gmina 06,1022,wiejska,19504,52.2628,19.74491
1022007,łódzkie powiat 22 gmina 07,1022,miejsko-wiejska,44150,52.1672,19.40544
1023001,łódzkie powiat 23 gmina 01,1023,wiejska,10906,51.48147,18.97828
1023002,łódzkie powiat 23 gmina 02,1023,miejska,14560,51.42277,19.26427
1023003,łódzkie powiat 23 gmina 03,1023,wiejska,10727,51.23889,19.01838
1023004,łódzkie powiat 23 gmina 04,1023,miejska,900,51.28051,19.21373
1023005,łódzkie powiat 23 gmina 05,1023,miejsko-wiejska,16807,51.50107,19.17524
1023006,łódzkie powiat 23 gmina 06,1023,wiejska,900,51.25407,19.22017
1023007,łódzkie powiat 23 gmina 07,1023,wiejska,3927,51.43989,18.98903
1024001,łódzkie powiat 24 gmina 01,1024,miejska,12541,52.19148,19.30248
1024002,łódzkie powiat 24 gmina 02,1024,miejsko-wiejska,5449,52.29746,19.45122
1024003,łódzkie powiat 24 gmina 03,1024,wiejska,10884,52.32063,19.36771
1024004,łódzkie powiat 24 gmina 04,1024,wiejska,11092,52.27998,19.43624
1024005,łódzkie powiat 24 gmina 05,1024,miejska,6887,51.95604,19.50552
1024006,łódzkie powiat 24 gmina 06,1024,wiejska,11640,51.96015,19.58984
1024007,łódzkie powiat 24 gmina 07,1024,wiejska,12700,52.13399,19.52981
1201001,małopolskie powiat 01 gmina 01,1201,miejska,26115,49.69679,19.44073
1201002,małopolskie powiat 01 gmina 02,1201,wiejska,28194,49.77472,19.40427
1201003,małopolskie powiat 01 gmina 03,1201,miejska,23914,49.86377,19.43994
1201004,małopolskie powiat 01 gmina 04,1201,wiejska,22450,49.76938,19.59723
1201005,małopolskie powiat 01 gmina 05,1201,miejska,31180,49.84698,19.49092
1201006,małopolskie powiat 01 gmina 06,1201,miejsko-wiejska,30739,49.86507,19.52487
1201007,małopolskie powiat 01 gmina 07,1201,wiejska,25930,49.70965,19.53583
1201008,małopolskie powiat 01 gmina 08,1201,wiejska,31953,49.7846,19.39322
1201009,małopolskie powiat 01 gmina 09,1201,miejska,16595,49.95896,19.57714
1202001,małopolskie powiat 02 gmina 01,1202,wiejska,7312,49.92468,19.54256
1202002,małopolskie powiat 02 gmina 02,1202,miejska,40017,50.28015,19.232
1202003,małopolskie powiat 02 gmina 03,1202,miejsko-wiejska,24517,50.32246,19.59032
1202004,małopolskie powiat 02 gmina 04,1202,wiejska,21477,50.2102,19.23152
1202005,małopolskie powiat 02 gmina 05,1202,wiejska,28328,49.91494,19.27452
1202006,małopolskie powiat 02 gmina 06,1202,wiejska,39561,50.01874,19.39509
1202007,małopolskie powiat 02 gmina 07,1202,miejska,5967,49.96712,19.49001
1202008,małopolskie powiat 02 gmina 08,1202,wiejska,13444,49.92406,19.2575
1202009,małopolskie powiat 02 gmina 09,1202,miejska,22542,50.25217,19.45446
1203001,małopolskie powiat 03 gmina 01,1203,miejsko-wiejska,31866,49.36204,19.70578
1203002,małopolskie powiat 03 gmina 02,1203,miejska,53292,49.48148,19.96668
1203003,małopolskie powiat 03 gmina 03,1203,miejsko-wiejska,12744,49.29275,19.75391
1203004,małopolskie powiat 03 gmina 04,1203,miejsko-wiejska,21500,49.23487,19.7252
1203005,małopolskie powiat 03 gmina 05,1203,miejsko-wiejska,31477,49.41133,19.78791
1203006,małopolskie powiat 03 gmina 06,1203,wiejska,24049,49.20049,19.69525
1203007,małopolskie powiat 03 gmina 07,1203,wiejska,51138,49.26012,19.73898
1203008,małopolskie powiat 03 gmina 08,1203,miejsko-wiejska,900,49.46614,19.69033
1203009,małopolskie powiat 03 gmina 09,1203,miejsko-wiejska,33701,49.46639,19.97302
1204001,małopolskie powiat 04 gmina 01,1204,wiejska,6937,50.0769,19.29821
1204002,małopolskie powiat 04 gmina 02,1204,miejska,9838,50.11312,19.5743
1204003,małopolskie powiat 04 gmina 03,1204,wiejska,5218,49.88653,19.70792
1204004,małopolskie powiat 04 gmina 04,1204,miejsko-wiejska,5203,49.82412,19.35246
1204005,małopolskie powiat 04 gmina 05,1204,wiejska,8038,50.11864,19.43014
1204006,małopolskie powiat 04 gmina 06,1204,miejsko-wiejska,9678,49.95656,19.6373
1204007,małopolskie powiat 04 gmina 07,1204,wiejska,16816,49.85432,19.59551
1204008,małopolskie powiat 04 gmina 08,1204,miejsko-wiejska,18114,50.1477,19.34912
1204009,małopolskie powiat 04 gmina 09,1204,wiejska,9461,50.12189,19.42495
1205001,małopolskie powiat 05 gmina 01,1205,wiejska,27418,50.27772,20.64714
1205002,małopolskie powiat 05 gmina 02,1205,wiejska,14041,50.47477,20.64736
1205003,małopolskie powiat 05 gmina 03,1205,miejsko-wiejska,40321,50.54884,20.65352
1205004,małopolskie powiat 05 gmina 04,1205,miejska,42144,50.25845,20.60291
1205005,małopolskie powiat 05 gmina 05,1205,wiejska,57645,50.40725,20.37752
1205006,małopolskie powiat 05 gmina 06,1205,wiejska,13166,50.23958,20.36226
1205007,małopolskie powiat 05 gmina 07,1205,wiejska,51047,50.34768,20.48112
1205008,małopolskie powiat 05 gmina 08,1205,miejsko-wiejska,20650,50.45127,20.42464
1205009,małopolskie powiat 05 gmina 09,1205,miejsko-wiejska,30742,50.22301,20.27428
1206001,małopolskie powiat 06 gmina 01,1206,wiejska,13203,49.67188,19.10258
1206002,małopolskie powiat 06 gmina 02,1206,miejsko-wiejska,900,49.99869,19.01294
1206003,małopolskie powiat 06 gmina 03,1206,wiejska,10190,50.09895,19.36538
1206004,małopolskie powiat 06 gmina 04,1206,miejska,22687,49.77385,19.16198
1206005,małopolskie powiat 06 gmina 05,1206,wiejska,3823,49.98882,19.1512
1206006,małopolskie powiat 06 gmina 06,1206,miejsko-wiejska,5481,49.92654,19.21494
1206007,małopolskie powiat 06 gmina 07,1206,wiejska,15554,50.01151,19.21293
1206008,małopolskie powiat 06 gmina 08,1206,wiejska,12214,50.10344,19.21207
1206009,małopolskie powiat 06 gmina 09,1206,wiejska,12583,49.98874,19.22923
1207001,małopolskie powiat 07 gmina 01,1207,wiejska,28132,50.65297,19.77867
1207002,małopolskie powiat 07 gmina 02,1207,wiejska,27731,50.889,19.80652
1207003,małopolskie powiat 07 gmina 03,1207,miejsko-wiejska,28401,50.75232,19.66612
1207004,małopolskie powiat 07 gmina 04,1207,miejska,40586,50.7236,19.92149
1207005,małopolskie powiat 07 gmina 05,1207,wiejska,900,50.83114,19.66306
1207006,małopolskie powiat 07 gmina 06,1207,wiejska,29583,50.72324,19.68224
1207007,małopolskie powiat 07 gmina 07,1207,wiejska,20147,50.72491,19.71357
1207008,małopolskie powiat 07 gmina 08,1207,wiejska,39221,50.924,19.95398
1208001,małopolskie powiat 08 gmina 01,1208,wiejska,27804,50.11164,20.03958
1208002,małopolskie powiat 08 gmina 02,1208,wiejska,35668,50.0829,20.22795
1208003,małopolskie powiat 08 gmina 03,1208,miejsko-wiejska,19056,50.08137,20.21791
1208004,małopolskie powiat 08 gmina 04,1208,miejska,28903,50.16272,20.17007
1208005,małopolskie powiat 08 gmina 05,1208,wiejska,16924,50.2272,20.0645
1208006,małopolskie powiat 08 gmina 06,1208,wiejska,28449,50.2521,20.07623
1208007,małopolskie powiat 08 gmina 07,1208,wiejska,27975,50.00315,20.15381
1208008,małopolskie powiat 08 gmina 08,1208,wiejska,51082,50.1157,20.25626
1209001,małopolskie powiat 09 gmina 01,1209,wiejska,28704,49.24291,19.73829
1209002,małopolskie powiat 09 gmina 02,1209,wiejska,28175,49.31871,19.51413
1209003,małopolskie powiat 09 gmina 03,1209,miejsko-wiejska,47694,49.41094,19.72451
1209004,małopolskie powiat 09 gmina 04,1209,wiejska,58135,49.15976,19.54442
1209005,małopolskie powiat 09 gmina 05,1209,wiejska,34700,49.43172,19.84792
1209006,małopolskie powiat 09 gmina 06,1209,wiejska,37943,49.54321,19.50076
1209007,małopolskie powiat 09 gmina 07,1209,wiejska,49070,49.40712,19.78346
1209008,małopolskie powiat 09 gmina 08,1209,wiejska,900,49.48466,19.55725
1210001,małopolskie powiat 10 gmina 01,1210,wiejska,6489,49.74216,19.35426
1210002,małopolskie powiat 10 gmina 02,1210,wiejska,9790,49.86791,19.25234
1210003,małopolskie powiat 10 gmina 03,1210,wiejska,15425,49.76038,19.5282
1210004,małopolskie powiat 10 gmina 04,1210,wiejska,14288,49.93308,19.45341
1210005,małopolskie powiat 10 gmina 05,1210,miejsko-wiejska,14875,50.02226,19.49932
1210006,małopolskie powiat 10 gmina 06,1210,miejsko-wiejska,26870,49.91399,19.52558
1210007,małopolskie powiat 10 gmina 07,1210,wiejska,17426,49.96907,19.36182
1210008,małopolskie powiat 10 gmina 08,1210,miejska,6317,50.13899,19.37827
1211001,małopolskie powiat 11 gmina 01,1211,miejska,16745,49.41317,19.78273
1211002,małopolskie powiat 11 gmina 02,1211,miejsko-wiejska,25918,49.40329,19.87781
1211003,małopolskie powiat 11 gmina 03,1211,miejsko-wiejska,22996,49.41035,19.61792
1211004,małopolskie powiat 11 gmina 04,1211,wiejska,14335,49.48696,20.00558
1211005,małopolskie powiat 11 gmina 05,1211,wiejska,37817,49.41565,19.571
1211006,małopolskie powiat 11 gmina 06,1211,wiejska,11123,49.25907,19.91372
1211007,małopolskie powiat 11 gmina 07,1211,wiejska,22468,49.13785,19.8678
1211008,małopolskie powiat 11 gmina 08,1211,miejska,28373,49.45388,19.83707
1212001,małopolskie powiat 12 gmina 01,1212,miejsko-wiejska,40796,49.28404,20.23501
1212002,małopolskie powiat 12 gmina 02,1212,wiejska,3943,49.48614,20.22321
1212003,małopolskie powiat 12 gmina 03,1212,miejsko-wiejska,3274,49.37162,20.08657
1212004,małopolskie powiat 12 gmina 04,1212,miejsko-wiejska,19863,49.31749,20.26586
1212005,małopolskie powiat 12 gmina 05,1212,wiejska,52649,49.27417,20.17491
1212006,małopolskie powiat 12 gmina 06,1212,miejsko-wiejska,1827,49.43697,20.29092
1212007,małopolskie powiat 12 gmina 07,1212,miejsko-wiejska,61943,49.25875,19.95284
1212008,małopolskie powiat 12 gmina 08,1212,wiejska,11040,49.41101,20.30978
1213001,małopolskie powiat 13 gmina 01,1213,wiejska,43005,50.04378,19.62317
1213002,małopolskie powiat 13 gmina 02,1213,wiejska,16333,49.80174,19.30641
1213003,małopolskie powiat 13 gmina 03,1213,wiejska,28865,49.8622,19.71081
1213004,małopolskie powiat 13 gmina 04,1213,miejsko-wiejska,35056,49.79638,19.34187
1213005,małopolskie powiat 13 gmina 05,1213,wiejska,900,49.85862,19.30346
1213006,małopolskie powiat 13 gmina 06,1213,miejsko-wiejska,26397,49.88338,19.37618
1213007,małopolskie powiat 13 gmina 07,1213,miejsko-wiejska,8417,50.00459,19.35554
1213008,małopolskie powiat 13 gmina 08,1213,wiejska,46665,50.0251,19.70522
1214001,małopolskie powiat 14 gmina 01,1214,wiejska,37816,50.43866,19.85771
1214002,małopolskie powiat 14 gmina 02,1214,wiejska,17715,50.23835,19.95392
1214003,małopolskie powiat 14 gmina 03,1214,wiejska,19223,50.44197,19.56399
1214004,małopolskie powiat 14 gmina 04,1214,wiejska,11865,50.52649,19.68118
1214005,małopolskie powiat 14 gmina 05,1214,wiejska,47745,50.37773,19.62841
1214006,małopolskie powiat 14 gmina 06,1214,miejska,28485,50.37697,19.73778
1214007,małopolskie powiat 14 gmina 07,1214,wiejska,30727,50.24325,19.81779
1214008,małopolskie powiat 14 gmina 08,1214,wiejska,35134,50.32743,19.69783
1215001,małopolskie powiat 15 gmina 01,1215,miejska,12817,49.3422,19.11179
1215002,małopolskie powiat 15 gmina 02,1215,wiejska,10887,49.4874,19.15312
1215003,małopolskie powiat 15 gmina 03,1215,miejska,11110,49.51478,19.05068
1215004,małopolskie powiat 15 gmina 04,1215,wiejska,900,49.4052,19.08282
1215005,małopolskie powiat 15 gmina 05,1215,wiejska,2923,49.52528,19.27525
1215006,małopolskie powiat 15 gmina 06,1215,wiejska,900,49.57723,19.31775
1215007,małopolskie powiat 15 gmina 07,1215,miejska,5040,49.55009,19.20898
1215008,małopolskie powiat 15 gmina 08,1215,wiejska,1113,49.57521,19.40873
1216001,małopolskie powiat 16 gmina 01,1216,wiejska,17679,50.90705,19.70471
1216002,małopolskie powiat 16 gmina 02,1216,wiejska,21272,50.69303,19.87882
1216003,małopolskie powiat 16 gmina 03,1216,miejsko-wiejska,9905,50.90239,19.79262
1216004,małopolskie powiat 16 gmina 04,1216,miejska,6589,50.98282,19.69938
1216005,małopolskie powiat 16 gmina 05,1216,miejsko-wiejska,15401,50.79751,19.57509
1216006,małopolskie powiat 16 gmina 06,1216,miejska,20305,50.86051,19.55599
1216007,małopolskie powiat 16 gmina 07,1216,miejsko-wiejska,900,50.73794,19.7857
1216008,małopolskie powiat 16 gmina 08,1216,wiejska,6635,50.82897,19.6763
1217001,małopolskie powiat 17 gmina 01,1217,wiejska,5533,50.65456,20.5683
1217002,małopolskie powiat 17 gmina 02,1217,miejsko-wiejska,900,50.58417,20.65945
1217003,małopolskie powiat 17 gmina 03,1217,wiejska,15748,50.46564,20.50333
1217004,małopolskie powiat 17 gmina 04,1217,wiejska,2481,50.26032,20.809
1217005,małopolskie powiat 17 gmina 05,1217,miejsko-wiejska,11939,50.42973,20.64366
1217006,małopolskie powiat 17 gmina 06,1217,miejska,20502,50.30357,20.82001
1217007,małopolskie powiat 17 gmina 07,1217,wiejska,18773,50.56544,20.56614
1217008,małopolskie powiat 17 gmina 08,1217,miejsko-wiejska,21932,50.51652,20.43925
1218001,małopolskie powiat 18 gmina 01,1218,miejska,5434,49.40517,19.20365
1218002,małopolskie powiat 18 gmina 02,1218,wiejska,19963,49.19093,19.43732
1218003,małopolskie powiat 18 gmina 03,1218,wiejska,24760,49.42514,19.34287
1218004,małopolskie powiat 18 gmina 04,1218,miejsko-wiejska,900,49.52708,19.33757
1218005,małopolskie powiat 18 gmina 05,1218,miejska,50248,49.27675,19.24286
1218006,małopolskie powiat 18 gmina 06,1218,miejska,25593,49.5593,19.38142
1218007,małopolskie powiat 18 gmina 07,1218,wiejska,46517,49.36678,19.22695
1218008,małopolskie powiat 18 gmina 08,1218,miejsko-wiejska,38817,49.4864,19.36164
1219001,małopolskie powiat 19 gmina 01,1219,wiejska,20666,49.73063,20.19768
1219002,małopolskie powiat 19 gmina 02,1219,wiejska,19855,49.59008,20.19209
1219003,małopolskie powiat 19 gmina 03,1219,miejsko-wiejska,13221,49.50447,20.19342
1219004,małopolskie powiat 19 gmina 04,1219,miejsko-wiejska,25781,49.79123,20.09208
1219005,małopolskie powiat 19 gmina 05,1219,wiejska,22023,49.45322,20.03111
1219006,małopolskie powiat 19 gmina 06,1219,miejsko-wiejska,52242,49.6358,20.21636
1219007,małopolskie powiat 19 gmina 07,1219,miejsko-wiejska,43238,49.60463,20.22485
1219008,małopolskie powiat 19 gmina 08,1219,miejska,7954,49.6876,20.21151
1220001,małopolskie powiat 20 gmina 01,1220,wiejska,21127,49.5444,20.04221
1220002,małopolskie powiat 20 gmina 02,1220,miejsko-wiejska,23357,49.61239,20.14016
1220003,małopolskie powiat 20 gmina 03,1220,wiejska,37252,49.52715,20.12618
1220004,małopolskie powiat 20 gmina 04,1220,wiejska,33285,49.7768,20.13586
1220005,małopolskie powiat 20 gmina 05,1220,wiejska,31733,49.6502,19.94839
1220006,małopolskie powiat 20 gmina 06,1220,miejsko-wiejska,17016,49.77915,20.31868
1220007,małopolskie powiat 20 gmina 07,1220,wiejska,23229,49.73794,19.92479
1220008,małopolskie powiat 20 gmina 08,1220,miejska,6705,49.67272,20.30845
1221001,małopolskie powiat 21 gmina 01,1221,wiejska,4085,50.67928,19.16037
1221002,małopolskie powiat 21 gmina 02,1221,wiejska,1256,50.88433,19.34345
1221003,małopolskie powiat 21 gmina 03,1221,miejsko-wiejska,21661,50.72703,19.55981
1221004,małopolskie powiat 21 gmina 04,1221,miejsko-wiejska,18258,50.66903,19.15269
1221005,małopolskie powiat 21 gmina 05,1221,wiejska,1100,50.78981,19.16417
1221006,małopolskie powiat 21 gmina 06,1221,miejsko-wiejska,23728,50.61617,19.15986
1221007,małopolskie powiat 21 gmina 07,1221,wiejska,4378,50.66798,19.17345
1221008,małopolskie powiat 21 gmina 08,1221,miejska,14238,50.91642,19.2594
1222001,małopolskie powiat 22 gmina 01,1222,miejska,63203,49.56889,20.0401
1222002,małopolskie powiat 22 gmina 02,1222,wiejska,34453,49.82302,20.05752
1222003,małopolskie powiat 22 gmina 03,1222,miejsko-wiejska,17078,49.87098,20.20438
1222004,małopolskie powiat 22 gmina 04,1222,miejska,54377,49.94193,20.14187
1222005,małopolskie powiat 22 gmina 05,1222,miejsko-wiejska,61553,49.63047,20.20924
1222006,małopolskie powiat 22 gmina 06,1222,wiejska,21935,49.9016,20.09572
1222007,małopolskie powiat 22 gmina 07,1222,wiejska,20606,49.88576,20.14285
1222008,małopolskie powiat 22 gmina 08,1222,miejska,17877,49.89505,20.04206
1401001,mazowieckie powiat 01 gmina 01,1401,wiejska,21666,51.702,21.40919
1401002,mazowieckie powiat 01 gmina 02,1401,wiejska,28839,51.5408,21.38859
1401003,mazowieckie powiat 01 gmina 03,1401,wiejska,32365,51.37891,21.4861
1401004,mazowieckie powiat 01 gmina 04,1401,wiejska,37866,51.67223,21.5013
1401005,mazowieckie powiat 01 gmina 05,1401,wiejska,22316,51.65416,21.49884
1401006,mazowieckie powiat 01 gmina 06,1401,wiejska,16274,51.77763,21.4558
1401007,mazowieckie powiat 01 gmina 07,1401,miejsko-wiejska,21169,51.6616,21.25023
1401008,mazowieckie powiat 01 gmina 08,1401,wiejska,19757,51.70329,21.40122
1402001,mazowieckie powiat 02 gmina 01,1402,wiejska,35328,51.71627,21.28008
1402002,mazowieckie powiat 02 gmina 02,1402,miejska,28853,51.70858,21.56686
1402003,mazowieckie powiat 02 gmina 03,1402,wiejska,27297,51.60876,21.29746
1402004,mazowieckie powiat 02 gmina 04,1402,miejska,42218,51.4975,21.21135
1402005,mazowieckie powiat 02 gmina 05,1402,wiejska,16004,51.78015,21.61914
1402006,mazowieckie powiat 02 gmina 06,1402,miejsko-wiejska,37360,51.7241,21.25371
1402007,mazowieckie powiat 02 gmina 07,1402,miejsko-wiejska,38237,51.8085,21.44999
1402008,mazowieckie powiat 02 gmina 08,1402,wiejska,900,51.80679,21.50701
1403001,mazowieckie powiat 03 gmina 01,1403,wiejska,14582,53.01653,21.62214
1403002,mazowieckie powiat 03 gmina 02,1403,miejsko-wiejska,9618,52.92334,21.61364
1403003,mazowieckie powiat 03 gmina 03,1403,wiejska,14906,52.76803,21.55808
1403004,mazowieckie powiat 03 gmina 04,1403,miejsko-wiejska,10716,52.88184,21.24258
1403005,mazowieckie powiat 03 gmina 05,1403,wiejska,18495,52.95183,21.62473
1403006,mazowieckie powiat 03 gmina 06,1403,miejska,11920,52.81398,21.43266
1403007,mazowieckie powiat 03 gmina 07,1403,wiejska,6748,53.01854,21.6177
1403008,mazowieckie powiat 03 gmina 08,1403,wiejska,11347,52.78092,21.24823
1404001,mazowieckie powiat 04 gmina 01,1404,wiejska,20495,52.29674,20.66356
1404002,mazowieckie powiat 04 gmina 02,1404,wiejska,7647,52.31274,20.89049
1404003,mazowieckie powiat 04 gmina 03,1404,miejsko-wiejska,900,52.15511,20.82483
1404004,mazowieckie powiat 04 gmina 04,1404,miejsko-wiejska,15023,52.11817,20.78993
1404005,mazowieckie powiat 04 gmina 05,1404,miejsko-wiejska,900,52.13993,20.59952
1404006,mazowieckie powiat 04 gmina 06,1404,wiejska,18877,52.26218,20.81017
1404007,mazowieckie powiat 04 gmina 07,1404,wiejska,9805,52.20228,20.77433
1404008,mazowieckie powiat 04 gmina 08,1404,wiejska,15451,52.32415,20.63795
1405001,mazowieckie powiat 05 gmina 01,1405,wiejska,17156,52.69544,20.53777
1405002,mazowieckie powiat 05 gmina 02,1405,wiejska,24153,52.57091,20.21782
1405003,mazowieckie powiat 05 gmina 03,1405,wiejska,33495,52.88764,20.47798
1405004,mazowieckie powiat 05 gmina 04,1405,wiejska,22652,52.53054,20.47894
1405005,mazowieckie powiat 05 gmina 05,1405,wiejska,23575,52.80989,20.46141
1405006,mazowieckie powiat 05 gmina 06,1405,wiejska,900,52.52092,20.43835
1405007,mazowieckie powiat 05 gmina 07,1405,miejska,13951,52.6909,20.63868
1405008,mazowieckie powiat 05 gmina 08,1405,miejska,32415,52.51786,20.54713
1406001,mazowieckie powiat 06 gmina 01,1406,wiejska,28490,52.5067,21.48694
1406002,mazowieckie powiat 06 gmina 02,1406,wiejska,18971,52.59775,21.3508
1406003,mazowieckie powiat 06 gmina 03,1406,wiejska,15398,52.27538,21.57295
1406004,mazowieckie powiat 06 gmina 04,1406,wiejska,20669,52.61701,21.30541
1406005,mazowieckie powiat 06 gmina 05,1406,miejsko-wiejska,20962,52.23506,21.42049
1406006,mazowieckie powiat 06 gmina 06,1406,wiejska,18504,52.4138,21.36036
1406007,mazowieckie powiat 06 gmina 07,1406,wiejska,12423,52.43182,21.6369
1406008,mazowieckie powiat 06 gmina 08,1406,miejsko-wiejska,31106,52.56704,21.47279
1407001,mazowieckie powiat 07 gmina 01,1407,wiejska,10626,52.85057,20.8767
1407002,mazowieckie powiat 07 gmina 02,1407,miejsko-wiejska,12604,52.76833,20.81535
1407003,mazowieckie powiat 07 gmina 03,1407,miejska,2602,52.85553,20.50045
1407004,mazowieckie powiat 07 gmina 04,1407,wiejska,900,52.89058,20.75369
1407005,mazowieckie powiat 07 gmina 05,1407,miejsko-wiejska,17673,52.72582,20.49131
1407006,mazowieckie powiat 07 gmina 06,1407,miejska,11008,52.97738,20.78949
1407007,mazowieckie powiat 07 gmina 07,1407,wiejska,11845,52.78685,20.48654
1407008,mazowieckie powiat 07 gmina 08,1407,miejsko-wiejska,13273,53.09815,20.63046
1408001,mazowieckie powiat 08 gmina 01,1408,wiejska,999,52.15767,21.04897
1408002,mazowieckie powiat 08 gmina 02,1408,wiejska,11976,52.24825,21.18021
1408003,mazowieckie powiat 08 gmina 03,1408,wiejska,9583,52.28691,21.18558
1408004,mazowieckie powiat 08 gmina 04,1408,miejska,9055,52.4113,20.92051
1408005,mazowieckie powiat 08 gmina 05,1408,wiejska,11386,52.30025,20.80955
1408006,mazowieckie powiat 08 gmina 06,1408,wiejska,9786,52.40186,21.00493
1408007,mazowieckie powiat 08 gmina 07,1408,miejsko-wiejska,1331,52.18859,20.85269
1408008,mazowieckie powiat 08 gmina 08,1408,wiejska,12247,52.36847,21.19362
1409001,mazowieckie powiat 09 gmina 01,1409,wiejska,40085,52.55624,21.57204
1409002,mazowieckie powiat 09 gmina 02,1409,miejsko-wiejska,22760,52.72853,21.43539
1409003,mazowieckie powiat 09 gmina 03,1409,miejska,18643,52.86305,21.69524
1409004,mazowieckie powiat 09 gmina 04,1409,miejska,39179,52.88289,21.50173
1409005,mazowieckie powiat 09 gmina 05,1409,wiejska,9670,52.79806,21.43173
1409006,mazowieckie powiat 09 gmina 06,1409,miejsko-wiejska,19801,52.83509,21.4316
1409007,mazowieckie powiat 09 gmina 07,1409,wiejska,27859,52.86188,21.67105
1409008,mazowieckie powiat 09 gmina 08,1409,wiejska,28240,52.63436,21.49554
1410001,mazowieckie powiat 10 gmina 01,1410,wiejska,7763,52.99042,20.6082
1410002,mazowieckie powiat 10 gmina 02,1410,wiejska,13588,52.64217,20.72472
1410003,mazowieckie powiat 10 gmina 03,1410,miejska,9206,52.63812,20.71257
1410004,mazowieckie powiat 10 gmina 04,1410,wiejska,12284,52.64221,20.78273
1410005,mazowieckie powiat 10 gmina 05,1410,miejsko-wiejska,14405,52.97217,20.6736
1410006,mazowieckie powiat 10 gmina 06,1410,miejska,20823,52.86287,20.67707
1410007,mazowieckie powiat 10 gmina 07,1410,wiejska,7699,52.6202,20.78507
1410008,mazowieckie powiat 10 gmina 08,1410,miejsko-wiejska,8108,53.02024,20.6683
1411001,mazowieckie powiat 11 gmina 01,1411,wiejska,39303,51.62667,21.42716
1411002,mazowieckie powiat 11 gmina 02,1411,wiejska,29591,51.55772,21.71103
1411003,mazowieckie powiat 11 gmina 03,1411,miejska,32885,51.30498,21.74991
1411004,mazowieckie powiat 11 gmina 04,1411,miejska,7059,51.50984,21.65682
1411005,mazowieckie powiat 11 gmina 05,1411,wiejska,17744,51.65388,21.68
1411006,mazowieckie powiat 11 gmina 06,1411,miejska,17060,51.40858,21.56436
1411007,mazowieckie powiat 11 gmina 07,1411,wiejska,900,51.36114,21.44878
1411008,mazowieckie powiat 11 gmina 08,1411,wiejska,13590,51.34267,21.52973
1412001,mazowieckie powiat 12 gmina 01,1412,wiejska,900,51.90669,21.24969
1412002,mazowieckie powiat 12 gmina 02,1412,wiejska,12857,51.91749,21.6236
1412003,mazowieckie powiat 12 gmina 03,1412,miejsko-wiejska,5151,51.78217,21.51765
1412004,mazowieckie powiat 12 gmina 04,1412,wiejska,18078,51.60899,21.63206
1412005,mazowieckie powiat 12 gmina 05,1412,wiejska,12703,51.69659,21.65523
1412006,mazowieckie powiat 12 gmina 06,1412,miejska,19157,51.92745,21.58553
1412007,mazowieckie powiat 12 gmina 07,1412,wiejska,3975,51.602,21.65489
1412008,mazowieckie powiat 12 gmina 08,1412,wiejska,6685,51.96859,21.28778
1413001,mazowieckie powiat 13 gmina 01,1413,miejska,18418,51.75122,20.3033
1413002,mazowieckie powiat 13 gmina 02,1413,miejsko-wiejska,30251,51.98621,20.1475
1413003,mazowieckie powiat 13 gmina 03,1413,wiejska,38115,51.88464,20.47066
1413004,mazowieckie powiat 13 gmina 04,1413,wiejska,32125,52.09611,20.14974
1413005,mazowieckie powiat 13 gmina 05,1413,wiejska,45583,51.79174,20.35673
1413006,mazowieckie powiat 13 gmina 06,1413,wiejska,20920,51.70198,20.20933
1413007,mazowieckie powiat 13 gmina 07,1413,wiejska,28169,51.98642,20.35589
1413008,mazowieckie powiat 13 gmina 08,1413,miejsko-wiejska,59267,51.8027,20.33065
1414001,mazowieckie powiat 14 gmina 01,1414,miejsko-wiejska,4880,51.80211,21.15119
1414002,mazowieckie powiat 14 gmina 02,1414,miejsko-wiejska,4942,51.58958,21.15758
1414003,mazowieckie powiat 14 gmina 03,1414,wiejska,18364,51.43624,21.24372
1414004,mazowieckie powiat 14 gmina 04,1414,wiejska,5020,51.6065,21.50731
1414005,mazowieckie powiat 14 gmina 05,1414,miejska,4945,51.81473,21.36054
1414006,mazowieckie powiat 14 gmina 06,1414,wiejska,7179,51.54067,21.31761
1414007,mazowieckie powiat 14 gmina 07,1414,miejsko-wiejska,9134,51.77171,21.22453
1414008,mazowieckie powiat 14 gmina 08,1414,wiejska,5199,51.67178,21.30345
1415001,mazowieckie powiat 15 gmina 01,1415,miejsko-wiejska,11302,52.48963,21.08505
1415002,mazowieckie powiat 15 gmina 02,1415,miejska,20898,52.42446,20.91223
1415003,mazowieckie powiat 15 gmina 03,1415,miejsko-wiejska,12543,52.34295,20.9915
1415004,mazowieckie powiat 15 gmina 04,1415,wiejska,12710,52.56724,20.79925
1415005,mazowieckie powiat 15 gmina 05,1415,wiejska,21063,52.63517,21.09163
1415006,mazowieckie powiat 15 gmina 06,1415,wiejska,15968,52.65676,21.14774
1415007,mazowieckie powiat 15 gmina 07,1415,wiejska,13617,52.33323,20.79654
1415008,mazowieckie powiat 15 gmina 08,1415,wiejska,16463,52.2842,20.89301
1416001,mazowieckie powiat 16 gmina 01,1416,wiejska,15485,51.53874,20.52588
1416002,mazowieckie powiat 16 gmina 02,1416,wiejska,25043,51.63682,20.44613
1416003,mazowieckie powiat 16 gmina 03,1416,wiejska,11774,51.61902,20.43856
1416004,mazowieckie powiat 16 gmina 04,1416,wiejska,24975,51.54018,20.37648
1416005,mazowieckie powiat 16 gmina 05,1416,wiejska,15146,51.70968,20.58311
1416006,mazowieckie powiat 16 gmina 06,1416,wiejska,23929,51.81464,20.80609
1416007,mazowieckie powiat 16 gmina 07,1416,wiejska,26354,51.79831,20.56912
1416008,mazowieckie powiat 16 gmina 08,1416,miejska,8639,51.7212,20.77067
1417001,mazowieckie powiat 17 gmina 01,1417,wiejska,11189,52.14631,21.20857
1417002,mazowieckie powiat 17 gmina 02,1417,wiejska,8528,52.01028,20.86279
1417003,mazowieckie powiat 17 gmina 03,1417,miejska,10533,52.38128,20.96087
1417004,mazowieckie powiat 17 gmina 04,1417,wiejska,21198,52.20649,21.03458
1417005,mazowieckie powiat 17 gmina 05,1417,wiejska,18125,52.05515,20.97839
1417006,mazowieckie powiat 17 gmina 06,1417,wiejska,22372,52.38469,21.2383
1417007,mazowieckie powiat 17 gmina 07,1417,wiejska,25459,52.13223,21.00263
1417008,mazowieckie powiat 17 gmina 08,1417,miejsko-wiejska,23937,52.12419,21.26869
1418001,mazowieckie powiat 18 gmina 01,1418,miejsko-wiejska,25275,52.57406,20.97513
1418002,mazowieckie powiat 18 gmina 02,1418,miejsko-wiejska,900,52.5056,20.89289
1418003,mazowieckie powiat 18 gmina 03,1418,miejska,26627,52.44001,20.79675
1418004,mazowieckie powiat 18 gmina 04,1418,miejsko-wiejska,20579,52.47002,20.74722
1418005,mazowieckie powiat 18 gmina 05,1418,miejska,16631,52.80104,20.87108
1418006,mazowieckie powiat 18 gmina 06,1418,wiejska,2332,52.55876,20.94073
1418007,mazowieckie powiat 18 gmina 07,1418,wiejska,11595,52.71091,20.59864
1418008,mazowieckie powiat 18 gmina 08,1418,miejska,25577,52.54658,20.78209
1419001,mazowieckie powiat 19 gmina 01,1419,wiejska,900,51.5744,20.57716
1419002,mazowieckie powiat 19 gmina 02,1419,wiejska,27924,51.45249,20.33216
1419003,mazowieckie powiat 19 gmina 03,1419,miejsko-wiejska,9447,51.6486,20.61876
1419004,mazowieckie powiat 19 gmina 04,1419,wiejska,13660,51.62423,20.54751
1419005,mazowieckie powiat 19 gmina 05,1419,miejska,17506,51.56266,20.76859
1419006,mazowieckie powiat 19 gmina 06,1419,wiejska,21042,51.76873,20.58675
1419007,mazowieckie powiat 19 gmina 07,1419,miejska,5360,51.65014,20.63655
1419008,mazowieckie powiat 19 gmina 08,1419,miejsko-wiejska,14956,51.66619,20.5842
1420001,mazowieckie powiat 20 gmina 01,1420,miejska,23718,52.20416,21.57194
1420002,mazowieckie powiat 20 gmina 02,1420,wiejska,29641,52.13536,21.30545
1420003,mazowieckie powiat 20 gmina 03,1420,miejsko-wiejska,14415,52.19104,21.41851
1420004,mazowieckie powiat 20 gmina 04,1420,wiejska,36561,52.2896,21.52271
1420005,mazowieckie powiat 20 gmina 05,1420,miejsko-wiejska,31252,52.30273,21.56935
1420006,mazowieckie powiat 20 gmina 06,1420,wiejska,18220,52.36489,21.31795
1420007,mazowieckie powiat 20 gmina 07,1420,miejska,15318,52.31872,21.54774
1420008,mazowieckie powiat 20 gmina 08,1420,wiejska,6282,52.2915,21.34961
1421001,mazowieckie powiat 21 gmina 01,1421,wiejska,46983,52.39164,21.57511
1421002,mazowieckie powiat 21 gmina 02,1421,wiejska,30444,52.42948,21.90181
1421003,mazowieckie powiat 21 gmina 03,1421,wiejska,8549,52.5807,21.7496
1421004,mazowieckie powiat 21 gmina 04,1421,miejska,35084,52.39673,21.70973
1421005,mazowieckie powiat 21 gmina 05,1421,wiejska,900,52.55757,21.6442
1421006,mazowieckie powiat 21 gmina 06,1421,wiejska,23599,52.70608,21.89859
1421007,mazowieckie powiat 21 gmina 07,1421,miejsko-wiejska,10568,52.65893,21.51976
1422001,mazowieckie powiat 22 gmina 01,1422,miejska,20916,51.78204,20.56999
1422002,mazowieckie powiat 22 gmina 02,1422,wiejska,26011,51.7415,20.22758
1422003,mazowieckie powiat 22 gmina 03,1422,miejsko-wiejska,20188,52.02917,20.22719
1422004,mazowieckie powiat 22 gmina 04,1422,wiejska,16589,51.73164,20.54193
1422005,mazowieckie powiat 22 gmina 05,1422,wiejska,35890,51.71028,20.24532
1422006,mazowieckie powiat 22 gmina 06,1422,miejsko-wiejska,27041,52.0162,20.53723
1422007,mazowieckie powiat 22 gmina 07,1422,wiejska,16994,51.77458,20.58951
1423001,mazowieckie powiat 23 gmina 01,1423,miejsko-wiejska,27447,51.6531,21.25781
1423002,mazowieckie powiat 23 gmina 02,1423,wiejska,21459,51.43397,20.91405
1423003,mazowieckie powiat 23 gmina 03,1423,wiejska,12986,51.53182,20.88701
1423004,mazowieckie powiat 23 gmina 04,1423,wiejska,17095,51.28707,20.93888
1423005,mazowieckie powiat 23 gmina 05,1423,miejska,50846,51.51726,21.27178
1423006,mazowieckie powiat 23 gmina 06,1423,wiejska,10937,51.37509,21.06525
1423007,mazowieckie powiat 23 gmina 07,1423,wiejska,35984,51.47437,21.26481
1424001,mazowieckie powiat 24 gmina 01,1424,wiejska,18043,52.87726,21.03927
1424002,mazowieckie powiat 24 gmina 02,1424,miejska,22250,53.15437,20.92663
1424003,mazowieckie powiat 24 gmina 03,1424,wiejska,14619,52.78094,21.20764
1424004,mazowieckie powiat 24 gmina 04,1424,wiejska,16324,52.86551,20.92316
1424005,mazowieckie powiat 24 gmina 05,1424,miejsko-wiejska,5278,52.98531,21.00952
1424006,mazowieckie powiat 24 gmina 06,1424,wiejska,21782,52.849,21.2486
1424007,mazowieckie powiat 24 gmina 07,1424,wiejska,14607,52.75177,21.24231
1425001,mazowieckie powiat 25 gmina 01,1425,miejska,10212,52.43546,21.56761
1425002,mazowieckie powiat 25 gmina 02,1425,miejska,20858,52.18877,21.64104
1425003,mazowieckie powiat 25 gmina 03,1425,miejsko-wiejska,22325,52.25587,21.39604
1425004,mazowieckie powiat 25 gmina 04,1425,miejsko-wiejska,8936,52.42628,21.37975
1425005,mazowieckie powiat 25 gmina 05,1425,miejsko-wiejska,25426,52.43191,21.4053
1425006,mazowieckie powiat 25 gmina 06,1425,wiejska,9075,52.31511,21.47383
1425007,mazowieckie powiat 25 gmina 07,1425,wiejska,11764,52.3434,21.63457
1426001,mazowieckie powiat 26 gmina 01,1426,wiejska,10225,52.17316,20.96829
1426002,mazowieckie powiat 26 gmina 02,1426,wiejska,20157,52.30172,20.75044
1426003,mazowieckie powiat 26 gmina 03,1426,miejska,22278,52.1826,20.97938
1426004,mazowieckie powiat 26 gmina 04,1426,miejsko-wiejska,21445,51.99382,21.00127
1426005,mazowieckie powiat 26 gmina 05,1426,miejska,15629,52.13216,21.00175
1426006,mazowieckie powiat 26 gmina 06,1426,miejsko-wiejska,15765,51.99747,21.03361
1426007,mazowieckie powiat 26 gmina 07,1426,wiejska,10533,52.3126,20.79175
1427001,mazowieckie powiat 27 gmina 01,1427,wiejska,20921,52.12748,21.65363
1427002,mazowieckie powiat 27 gmina 02,1427,wiejska,30407,52.39543,21.28927
1427003,mazowieckie powiat 27 gmina 03,1427,wiejska,14405,52.1147,21.44096
1427004,mazowieckie powiat 27 gmina 04,1427,miejsko-wiejska,14276,51.99075,21.5203
1427005,mazowieckie powiat 27 gmina 05,1427,wiejska,37913,52.19254,21.33454
1427006,mazowieckie powiat 27 gmina 06,1427,wiejska,10687,52.19077,21.3235
1427007,mazowieckie powiat 27 gmina 07,1427,miejsko-wiejska,5104,52.22806,21.48477
1428001,mazowieckie powiat 28 gmina 01,1428,wiejska,39296,51.59376,21.15858
1428002,mazowieckie powiat 28 gmina 02,1428,wiejska,18676,51.52604,21.41659
1428003,mazowieckie powiat 28 gmina 03,1428,miejsko-wiejska,9657,51.3832,21.00622
1428004,mazowieckie powiat 28 gmina 04,1428,wiejska,38995,51.38266,21.37856
1428005,mazowieckie powiat 28 gmina 05,1428,wiejska,10729,51.41365,21.13823
1428006,mazowieckie powiat 28 gmina 06,1428,wiejska,37013,51.47977,21.27153
1428007,mazowieckie powiat 28 gmina 07,1428,wiejska,20564,51.77139,21.01519
1429001,mazowieckie powiat 29 gmina 01,1429,miejsko-wiejska,21596,51.85894,21.73588
1429002,mazowieckie powiat 29 gmina 02,1429,wiejska,14564,51.96539,21.9297
1429003,mazowieckie powiat 29 gmina 03,1429,wiejska,5256,52.14919,21.69928
1429004,mazowieckie powiat 29 gmina 04,1429,miejska,14945,51.96737,21.88874
1429005,mazowieckie powiat 29 gmina 05,1429,wiejska,10403,51.93667,21.86964
1429006,mazowieckie powiat 29 gmina 06,1429,wiejska,900,51.98597,21.69295
1429007,mazowieckie powiat 29 gmina 07,1429,wiejska,20073,52.0618,21.90285
1430001,mazowieckie powiat 30 gmina 01,1430,miejsko-wiejska,12922,52.53281,20.97259
1430002,mazowieckie powiat 30 gmina 02,1430,miejsko-wiejska,24329,52.73324,20.99214
1430003,mazowieckie powiat 30 gmina 03,1430,miejska,23708,52.44805,21.09989
1430004,mazowieckie powiat 30 gmina 04,1430,wiejska,7282,52.49866,21.30177
1430005,mazowieckie powiat 30 gmina 05,1430,wiejska,12202,52.53918,21.3055
1430006,mazowieckie powiat 30 gmina 06,1430,wiejska,17706,52.58338,21.22666
1430007,mazowieckie powiat 30 gmina 07,1430,miejska,13016,52.74228,21.03114
1431001,mazowieckie powiat 31 gmina 01,1431,miejsko-wiejska,900,52.18928,20.79998
1431002,mazowieckie powiat 31 gmina 02,1431,miejsko-wiejska,2956,52.26204,20.91189
1431003,mazowieckie powiat 31 gmina 03,1431,wiejska,11673,52.27388,20.89712
1431004,mazowieckie powiat 31 gmina 04,1431,wiejska,16759,52.21124,20.93608
1431005,mazowieckie powiat 31 gmina 05,1431,wiejska,17696,52.237,20.8384
1431006,mazowieckie powiat 31 gmina 06,1431,miejska,16388,52.07568,21.07157
1431007,mazowieckie powiat 31 gmina 07,1431,wiejska,22019,52.2979,20.99054
1432001,mazowieckie powiat 32 gmina 01,1432,miejska,13902,53.00929,20.67885
1432002,mazowieckie powiat 32 gmina 02,1432,wiejska,16941,53.10873,20.7045
1432003,mazowieckie powiat 32 gmina 03,1432,miejska,14071,52.93665,20.78492
1432004,mazowieckie powiat 32 gmina 04,1432,wiejska,15222,52.85844,20.85383
1432005,mazowieckie powiat 32 gmina 05,1432,miejsko-wiejska,10622,52.82218,20.87538
1432006,mazowieckie powiat 32 gmina 06,1432,wiejska,12147,53.12297,20.5372
1432007,mazowieckie powiat 32 gmina 07,1432,wiejska,5310,53.12631,20.89652
1433001,mazowieckie powiat 33 gmina 01,1433,wiejska,20304,52.72082,20.76887
1433002,mazowieckie powiat 33 gmina 02,1433,wiejska,20313,52.74294,20.40313
1433003,mazowieckie powiat 33 gmina 03,1433,miejsko-wiejska,8759,53.04584,20.77174
1433004,mazowieckie powiat 33 gmina 04,1433,wiejska,21716,52.79189,20.74309
1433005,mazowieckie powiat 33 gmina 05,1433,wiejska,21400,52.82598,20.61098
1433006,mazowieckie powiat 33 gmina 06,1433,wiejska,15088,53.01037,20.45769
1433007,mazowieckie powiat 33 gmina 07,1433,wiejska,15851,53.10786,20.54725
1434001,mazowieckie powiat 34 gmina 01,1434,wiejska,29074,52.50971,20.49355
1434002,mazowieckie powiat 34 gmina 02,1434,miejsko-wiejska,16449,52.4368,20.57819
1434003,mazowieckie powiat 34 gmina 03,1434,wiejska,15065,52.63729,20.69006
1434004,mazowieckie powiat 34 gmina 04,1434,wiejska,900,52.25961,20.70318
1434005,mazowieckie powiat 34 gmina 05,1434,miejsko-wiejska,12263,52.62059,20.56917
1434006,mazowieckie powiat 34 gmina 06,1434,wiejska,900,52.3558,20.52099
1434007,mazowieckie powiat 34 gmina 07,1434,miejsko-wiejska,36153,52.67207,20.43745
1435001,mazowieckie powiat 35 gmina 01,1435,miejsko-wiejska,37525,52.31282,21.10385
1435002,mazowieckie powiat 35 gmina 02,1435,wiejska,39640,52.10837,21.36324
1435003,mazowieckie powiat 35 gmina 03,1435,miejsko-wiejska,32761,52.03906,21.02549
1435004,mazowieckie powiat 35 gmina 04,1435,miejsko-wiejska,21992,52.33845,21.21072
1435005,mazowieckie powiat 35 gmina 05,1435,miejsko-wiejska,8437,51.95037,21.31416
1435006,mazowieckie powiat 35 gmina 06,1435,wiejska,31100,52.34928,21.1402
1435007,mazowieckie powiat 35 gmina 07,1435,miejsko-wiejska,4567,52.32123,21.29383
1436001,mazowieckie powiat 36 gmina 01,1436,wiejska,2351,51.91424,21.32542
1436002,mazowieckie powiat 36 gmina 02,1436,miejska,5896,51.93154,21.30207
1436003,mazowieckie powiat 36 gmina 03,1436,wiejska,17685,51.62983,21.38493
1436004,mazowieckie powiat 36 gmina 04,1436,wiejska,11374,51.7832,21.37908
1436005,mazowieckie powiat 36 gmina 05,1436,wiejska,34036,51.64309,21.17207
1436006,mazowieckie powiat 36 gmina 06,1436,wiejska,12959,51.9427,21.47529
1436007,mazowieckie powiat 36 gmina 07,1436,wiejska,15678,51.95567,21.24317
1437001,mazowieckie powiat 37 gmina 01,1437,miejsko-wiejska,6387,52.94806,21.58772
1437002,mazowieckie powiat 37 gmina 02,1437,wiejska,23303,52.73298,21.40632
1437003,mazowieckie powiat 37 gmina 03,1437,miejsko-wiejska,900,53.03468,21.32271
1437004,mazowieckie powiat 37 gmina 04,1437,wiejska,26950,53.05174,21.50867
1437005,mazowieckie powiat 37 gmina 05,1437,miejska,1498,52.73281,21.53249
1437006,mazowieckie powiat 37 gmina 06,1437,wiejska,17157,52.82203,21.41266
1437007,mazowieckie powiat 37 gmina 07,1437,wiejska,15097,53.06236,21.27557
1438001,mazowieckie powiat 38 gmina 01,1438,wiejska,9703,52.44294,21.8475
1438002,mazowieckie powiat 38 gmina 02,1438,miejsko-wiejska,8305,52.56544,21.52654
1438003,mazowieckie powiat 38 gmina 03,1438,wiejska,20036,52.5956,21.5694
1438004,mazowieckie powiat 38 gmina 04,1438,wiejska,20632,52.51551,21.88059
1438005,mazowieckie powiat 38 gmina 05,1438,wiejska,14517,52.54943,21.62677
1438006,mazowieckie powiat 38 gmina 06,1438,miejsko-wiejska,15523,52.36666,21.71448
1438007,mazowieckie powiat 38 gmina 07,1438,wiejska,14714,52.41411,21.74378
1439001,mazowieckie powiat 39 gmina 01,1439,wiejska,22549,52.76455,21.58708
1439002,mazowieckie powiat 39 gmina 02,1439,wiejska,21877,52.93619,21.59387
1439003,mazowieckie powiat 39 gmina 03,1439,wiejska,27868,52.64817,21.42861
1439004,mazowieckie powiat 39 gmina 04,1439,miejsko-wiejska,39146,53.02194,21.72072
1439005,mazowieckie powiat 39 gmina 05,1439,wiejska,18540,52.95155,21.30218
1439006,mazowieckie powiat 39 gmina 06,1439,wiejska,900,52.89497,21.41525
1439007,mazowieckie powiat 39 gmina 07,1439,wiejska,46638,52.86853,21.53756
1440001,mazowieckie powiat 40 gmina 01,1440,miejsko-wiejska,24710,51.73023,20.91296
1440002,mazowieckie powiat 40 gmina 02,1440,miejska,25286,51.74197,20.56601
1440003,mazowieckie powiat 40 gmina 03,1440,miejsko-wiejska,27421,51.52801,20.55988
1440004,mazowieckie powiat 40 gmina 04,1440,miejsko-wiejska,3050,51.91612,20.62811
1440005,mazowieckie powiat 40 gmina 05,1440,wiejska,9644,51.77827,20.83871
1440006,mazowieckie powiat 40 gmina 06,1440,miejsko-wiejska,39280,51.64742,20.94123
1440007,mazowieckie powiat 40 gmina 07,1440,wiejska,19438,51.57514,20.87895
1441001,mazowieckie powiat 41 gmina 01,1441,miejska,8208,51.51162,21.17636
1441002,mazowieckie powiat 41 gmina 02,1441,wiejska,23491,51.56073,21.38584
1441003,mazowieckie powiat 41 gmina 03,1441,wiejska,9656,51.46418,21.23209
1441004,mazowieckie powiat 41 gmina 04,1441,miejsko-wiejska,12082,51.65972,21.29213
1441005,mazowieckie powiat 41 gmina 05,1441,wiejska,7823,51.4874,21.45722
1441006,mazowieckie powiat 41 gmina 06,1441,wiejska,16092,51.52028,21.29906
1441007,mazowieckie powiat 41 gmina 07,1441,wiejska,5129,51.70299,21.50274
1442001,mazowieckie powiat 42 gmina 01,1442,miejska,17379,52.92486,20.97613
1442002,mazowieckie powiat 42 gmina 02,1442,wiejska,2035,53.06415,20.80433
1442003,mazowieckie powiat 42 gmina 03,1442,wiejska,32525,52.97319,20.96634
1442004,mazowieckie powiat 42 gmina 04,1442,miejsko-wiejska,10500,52.74137,20.82858
1442005,mazowieckie powiat 42 gmina 05,1442,miejsko-wiejska,14969,52.96391,20.99269
1442006,mazowieckie powiat 42 gmina 06,1442,miejsko-wiejska,15240,53.10041,21.08163
1442007,mazowieckie powiat 42 gmina 07,1442,wiejska,27325,52.81667,21.11479
1601001,Nysa,1601,miejska,9383,50.46923,17.49231
1601002,Głuchołazy,1601,miejska,26953,50.62485,17.59112
1601003,Paczków,1601,miejska,18979,50.53044,17.61837
1602001,Dobrzeń Wielki,1602,miejska,17421,50.22951,18.74576
1602002,Popielów,1602,wiejska,10400,50.16271,18.53675
1603001,Opole,1603,miejska,2693,51.47992,18.04314
1601004,nyski gmina 04,1601,wiejska,12150,50.70794,17.57122
1601005,nyski gmina 05,1601,miejsko-wiejska,3819,50.41091,17.72761
1601006,nyski gmina 06,1601,wiejska,11101,50.74272,17.64441
1601007,nyski gmina 07,1601,miejsko-wiejska,6219,50.53929,17.76764
1601008,nyski gmina 08,1601,wiejska,6941,50.54059,17.45257
1601009,nyski gmina 09,1601,wiejska,16227,50.55709,17.53344
1602003,opolski gmina 03,1602,wiejska,22549,50.1191,18.62503
1602004,opolski gmina 04,1602,wiejska,17029,50.03453,18.79334
1602005,opolski gmina 05,1602,wiejska,17948,50.23937,18.76445
1602006,opolski gmina 06,1602,miejska,18266,49.9721,18.41517
1602007,opolski gmina 07,1602,wiejska,15535,50.02905,18.43574
1602008,opolski gmina 08,1602,wiejska,23078,50.09222,18.50566
1603002,Opole gmina 02,1603,miejska,9487,51.25459,18.25081
1603003,Opole gmina 03,1603,miejska,9567,51.28463,18.13262
1603004,Opole gmina 04,1603,wiejska,4654,51.46283,18.15992
1603005,Opole gmina 05,1603,miejsko-wiejska,8921,51.47894,18.07635
1603006,Opole gmina 06,1603,wiejska,5160,51.2859,18.28841
1603007,Opole gmina 07,1603,wiejska,9141,51.58797,18.00651
1604001,opolskie powiat 04 gmina 01,1604,wiejska,5901,49.84101,18.29563
1604002,opolskie powiat 04 gmina 02,1604,wiejska,1126,50.14771,18.51065
1604003,opolskie powiat 04 gmina 03,1604,wiejska,6233,50.19398,18.24442
1604004,opolskie powiat 04 gmina 04,1604,wiejska,6241,50.06918,18.2595
1604005,opolskie powiat 04 gmina 05,1604,miejsko-wiejska,6242,49.81469,18.09269
1604006,opolskie powiat 04 gmina 06,1604,wiejska,3692,50.14342,18.17776
1605001,opolskie powiat 05 gmina 01,1605,wiejska,6324,50.2528,18.1769
1605002,opolskie powiat 05 gmina 02,1605,wiejska,17203,50.10973,18.0332
1605003,opolskie powiat 05 gmina 03,1605,miejsko-wiejska,13372,50.0444,18.13843
1605004,opolskie powiat 05 gmina 04,1605,wiejska,15667,50.18479,18.2076
1605005,opolskie powiat 05 gmina 05,1605,miejska,21973,50.34422,17.8517
1605006,opolskie powiat 05 gmina 06,1605,miejsko-wiejska,19824,50.25471,18.14305
1606001,opolskie powiat 06 gmina 01,1606,wiejska,2135,50.70486,17.33205
1606002,opolskie powiat 06 gmina 02,1606,wiejska,3130,50.65719,17.30204
1606003,opolskie powiat 06 gmina 03,1606,wiejska,4135,50.80203,17.30284
1606004,opolskie powiat 06 gmina 04,1606,wiejska,20385,50.67515,17.27384
1606005,opolskie powiat 06 gmina 05,1606,wiejska,14115,50.62623,17.29643
1607001,opolskie powiat 07 gmina 01,1607,wiejska,21661,51.40484,17.59859
1607002,opolskie powiat 07 gmina 02,1607,wiejska,15588,51.07627,17.5973
1607003,opolskie powiat 07 gmina 03,1607,wiejska,1488,51.08837,17.846
1607004,opolskie powiat 07 gmina 04,1607,wiejska,4824,51.28076,17.50372
1607005,opolskie powiat 07 gmina 05,1607,miejsko-wiejska,8194,51.30471,17.86832
1608001,opolskie powiat 08 gmina 01,1608,miejsko-wiejska,2168,50.48766,18.72098
1608002,opolskie powiat 08 gmina 02,1608,wiejska,11585,50.41104,18.49337
1608003,opolskie powiat 08 gmina 03,1608,miejska,10036,50.2252,18.63562
1608004,opolskie powiat 08 gmina 04,1608,wiejska,14297,50.32046,18.80635
1608005,opolskie powiat 08 gmina 05,1608,wiejska,16069,50.14541,18.75669
1609001,opolskie powiat 09 gmina 01,1609,miejsko-wiejska,8344,50.24667,17.80051
1609002,opolskie powiat 09 gmina 02,1609,miejska,7203,50.36635,17.70794
1609003,opolskie powiat 09 gmina 03,1609,wiejska,6146,50.27548,17.54965
1609004,opolskie powiat 09 gmina 04,1609,miejska,7895,50.56307,17.55391
1609005,opolskie powiat 09 gmina 05,1609,wiejska,4418,50.48054,17.66298
1610001,opolskie powiat 10 gmina 01,1610,miejsko-wiejska,900,50.504,17.92433
1610002,opolskie powiat 10 gmina 02,1610,wiejska,22636,50.36017,17.76978
1610003,opolskie powiat 10 gmina 03,1610,miejska,900,50.67375,17.74166
1610004,opolskie powiat 10 gmina 04,1610,miejsko-wiejska,22342,50.58853,18.10637
1610005,opolskie powiat 10 gmina 05,1610,wiejska,24759,50.50563,17.94578
1611001,opolskie powiat 11 gmina 01,1611,wiejska,19464,50.36866,17.51739
1611002,opolskie powiat 11 gmina 02,1611,miejsko-wiejska,20905,50.51818,17.4156
1611003,opolskie powiat 11 gmina 03,1611,wiejska,8459,50.43291,17.58869
1611004,opolskie powiat 11 gmina 04,1611,wiejska,11133,50.48884,17.5648
1611005,opolskie powiat 11 gmina 05,1611,wiejska,7068,50.61757,17.29938
1612001,opolskie powiat 12 gmina 01,1612,wiejska,14186,51.19254,18.07131
1612002,opolskie powiat 12 gmina 02,1612,miejsko-wiejska,10742,51.04161,18.26446
1612003,opolskie powiat 12 gmina 03,1612,miejsko-wiejska,13135,50.90382,17.89379
1612004,opolskie powiat 12 gmina 04,1612,wiejska,15951,51.25496,17.92671
1612005,opolskie powiat 12 gmina 05,1612,wiejska,11370,50.86681,18.22345
1801001,podkarpackie powiat 01 gmina 01,1801,miejska,3492,50.74495,22.08337
1801002,podkarpackie powiat 01 gmina 02,1801,wiejska,2988,50.75327,21.91497
1801003,podkarpackie powiat 01 gmina 03,1801,wiejska,6306,50.63959,21.98585
1801004,podkarpackie powiat 01 gmina 04,1801,wiejska,17720,50.86277,21.68975
1801005,podkarpackie powiat 01 gmina 05,1801,wiejska,5831,50.69494,22.09127
1801006,podkarpackie powiat 01 gmina 06,1801,wiejska,10517,50.70226,22.03314
1801007,podkarpackie powiat 01 gmina 07,1801,miejsko-wiejska,6330,50.7696,22.07685
1802001,podkarpackie powiat 02 gmina 01,1802,wiejska,11848,49.38601,22.50509
1802002,podkarpackie powiat 02 gmina 02,1802,miejska,14355,49.57238,22.81444
1802003,podkarpackie powiat 02 gmina 03,1802,wiejska,9489,49.29418,22.73161
1802004,podkarpackie powiat 02 gmina 04,1802,miejska,11918,49.58644,22.55923
1802005,podkarpackie powiat 02 gmina 05,1802,wiejska,2447,49.35953,22.82945
1802006,podkarpackie powiat 02 gmina 06,1802,miejska,4163,49.6876,22.53741
1802007,podkarpackie powiat 02 gmina 07,1802,wiejska,15429,49.40931,22.50982
1803001,podkarpackie powiat 03 gmina 01,1803,wiejska,900,49.95235,21.98858
1803002,podkarpackie powiat 03 gmina 02,1803,wiejska,15090,50.25183,22.29264
1803003,podkarpackie powiat 03 gmina 03,1803,wiejska,5626,50.29097,22.13369
1803004,podkarpackie powiat 03 gmina 04,1803,wiejska,7061,50.02266,22.20279
1803005,podkarpackie powiat 03 gmina 05,1803,wiejska,10254,50.19333,22.17179
1803006,podkarpackie powiat 03 gmina 06,1803,wiejska,15465,50.1537,22.21953
1803007,podkarpackie powiat 03 gmina 07,1803,miejsko-wiejska,12026,49.94057,22.1706
1804001,podkarpackie powiat 04 gmina 01,1804,wiejska,11138,50.95053,22.60804
1804002,podkarpackie powiat 04 gmina 02,1804,wiejska,4236,50.72208,22.63004
1804003,podkarpackie powiat 04 gmina 03,1804,wiejska,9398,50.67562,22.61797
1804004,podkarpackie powiat 04 gmina 04,1804,wiejska,20922,50.75323,22.80815
1804005,podkarpackie powiat 04 gmina 05,1804,wiejska,8264,50.6231,22.45442
1804006,podkarpackie powiat 04 gmina 06,1804,miejsko-wiejska,13102,50.61652,22.70848
1804007,podkarpackie powiat 04 gmina 07,1804,miejsko-wiejska,12851,50.76787,22.72695
1805001,podkarpackie powiat 05 gmina 01,1805,wiejska,9524,49.98127,22.5228
1805002,podkarpackie powiat 05 gmina 02,1805,miejska,14714,50.07034,22.12172
1805003,podkarpackie powiat 05 gmina 03,1805,wiejska,900,49.98221,22.54005
1805004,podkarpackie powiat 05 gmina 04,1805,miejska,13832,49.8813,22.36343
1805005,podkarpackie powiat 05 gmina 05,1805,wiejska,16280,50.21223,22.49519
1805006,podkarpackie powiat 05 gmina 06,1805,miejsko-wiejska,4905,49.87258,22.25741
1805007,podkarpackie powiat 05 gmina 07,1805,wiejska,23121,50.00249,22.35615
1806001,podkarpackie powiat 06 gmina 01,1806,wiejska,6184,49.69044,22.598
1806002,podkarpackie powiat 06 gmina 02,1806,wiejska,6042,49.8166,22.50329
1806003,podkarpackie powiat 06 gmina 03,1806,miejsko-wiejska,18344,49.86253,22.42429
1806004,podkarpackie powiat 06 gmina 04,1806,wiejska,6492,49.77372,22.46143
1806005,podkarpackie powiat 06 gmina 05,1806,wiejska,22139,49.90289,22.67281
1806006,podkarpackie powiat 06 gmina 06,1806,wiejska,984,49.76554,22.66221
1806007,podkarpackie powiat 06 gmina 07,1806,miejska,8355,49.7926,22.52805
1807001,podkarpackie powiat 07 gmina 01,1807,wiejska,9766,49.8927,22.49657
1807002,podkarpackie powiat 07 gmina 02,1807,wiejska,10720,49.89749,22.49523
1807003,podkarpackie powiat 07 gmina 03,1807,miejsko-wiejska,12345,50.0412,22.46482
1807004,podkarpackie powiat 07 gmina 04,1807,wiejska,12986,49.99275,22.51983
1807005,podkarpackie powiat 07 gmina 05,1807,miejsko-wiejska,6321,50.03715,22.60736
1807006,podkarpackie powiat 07 gmina 06,1807,miejska,7441,49.66637,22.79117
1807007,podkarpackie powiat 07 gmina 07,1807,miejsko-wiejska,9596,49.83887,22.59447
1808001,podkarpackie powiat 08 gmina 01,1808,miejska,15413,50.44063,22.36885
1808002,podkarpackie powiat 08 gmina 02,1808,miejska,8652,50.45357,22.43758
1808003,podkarpackie powiat 08 gmina 03,1808,wiejska,17041,50.46463,22.59551
1808004,podkarpackie powiat 08 gmina 04,1808,wiejska,8127,50.40215,22.35088
1808005,podkarpackie powiat 08 gmina 05,1808,miejsko-wiejska,16883,50.53285,22.49037
1808006,podkarpackie powiat 08 gmina 06,1808,wiejska,4558,50.44342,22.41427
1808007,podkarpackie powiat 08 gmina 07,1808,miejska,7106,50.72124,22.49456
1809001,podkarpackie powiat 09 gmina 01,1809,wiejska,7954,50.49925,21.99523
1809002,podkarpackie powiat 09 gmina 02,1809,wiejska,20746,50.57542,22.18062
1809003,podkarpackie powiat 09 gmina 03,1809,wiejska,900,50.8965,22.08775
1809004,podkarpackie powiat 09 gmina 04,1809,miejska,12832,50.6066,21.96968
1809005,podkarpackie powiat 09 gmina 05,1809,miejsko-wiejska,900,50.75232,21.88023
1809006,podkarpackie powiat 09 gmina 06,1809,wiejska,43306,50.81666,22.02723
1809007,podkarpackie powiat 09 gmina 07,1809,miejska,900,50.87363,21.98948
1810001,podkarpackie powiat 10 gmina 01,1810,miejska,3902,49.62273,21.90465
1810002,podkarpackie powiat 10 gmina 02,1810,wiejska,4098,49.9062,21.68909
1810003,podkarpackie powiat 10 gmina 03,1810,wiejska,1625,49.65008,21.7551
1810004,podkarpackie powiat 10 gmina 04,1810,wiejska,1712,49.72,21.49694
1810005,podkarpackie powiat 10 gmina 05,1810,miejska,2544,49.66939,21.53104
1810006,podkarpackie powiat 10 gmina 06,1810,wiejska,900,49.74031,21.59989
1810007,podkarpackie powiat 10 gmina 07,1810,wiejska,900,49.63551,21.77705
1811001,podkarpackie powiat 11 gmina 01,1811,wiejska,4169,49.40909,22.16816
1811002,podkarpackie powiat 11 gmina 02,1811,wiejska,10658,49.44441,22.03928
1811003,podkarpackie powiat 11 gmina 03,1811,wiejska,6653,49.30107,22.14138
1811004,podkarpackie powiat 11 gmina 04,1811,wiejska,4033,49.69073,22.13296
1811005,podkarpackie powiat 11 gmina 05,1811,miejsko-wiejska,900,49.68801,22.14642
1811006,podkarpackie powiat 11 gmina 06,1811,miejska,3025,49.57969,21.87108
1812001,podkarpackie powiat 12 gmina 01,1812,wiejska,3049,50.2652,22.13976
1812002,podkarpackie powiat 12 gmina 02,1812,miejska,15852,50.26317,22.00175
1812003,podkarpackie powiat 12 gmina 03,1812,miejska,900,50.23698,22.15094
1812004,podkarpackie powiat 12 gmina 04,1812,miejska,11281,50.09469,21.94172
1812005,podkarpackie powiat 12 gmina 05,1812,wiejska,14373,50.02278,22.24967
1812006,podkarpackie powiat 12 gmina 06,1812,wiejska,12247,50.03248,22.16009
1813001,podkarpackie powiat 13 gmina 01,1813,wiejska,23165,50.33473,22.04652
1813002,podkarpackie powiat 13 gmina 02,1813,miejsko-wiejska,6390,50.20945,21.97308
1813003,podkarpackie powiat 13 gmina 03,1813,wiejska,3453,50.29173,22.26956
1813004,podkarpackie powiat 13 gmina 04,1813,wiejska,13571,50.40778,22.13571
1813005,podkarpackie powiat 13 gmina 05,1813,miejska,18685,50.36611,21.91556
1813006,podkarpackie powiat 13 gmina 06,1813,wiejska,15578,50.36821,21.9871
1814001,podkarpackie powiat 14 gmina 01,1814,wiejska,22638,50.57871,21.17898
1814002,podkarpackie powiat 14 gmina 02,1814,wiejska,11403,50.46901,21.20586
1814003,podkarpackie powiat 14 gmina 03,1814,wiejska,14074,50.43425,21.50724
1814004,podkarpackie powiat 14 gmina 04,1814,miejsko-wiejska,11148,50.64757,21.28489
1814005,podkarpackie powiat 14 gmina 05,1814,wiejska,4368,50.3551,21.39385
1814006,podkarpackie powiat 14 gmina 06,1814,wiejska,20931,50.62339,21.19337
1815001,podkarpackie powiat 15 gmina 01,1815,miejska,5967,49.83515,22.22213
1815002,podkarpackie powiat 15 gmina 02,1815,wiejska,6763,49.90192,22.03579
1815003,podkarpackie powiat 15 gmina 03,1815,miejska,5514,50.08068,22.21111
1815004,podkarpackie powiat 15 gmina 04,1815,miejska,7442,49.78707,22.30007
1815005,podkarpackie powiat 15 gmina 05,1815,wiejska,3478,49.86151,22.38018
1815006,podkarpackie powiat 15 gmina 06,1815,wiejska,3445,49.7605,22.07208
1816001,podkarpackie powiat 16 gmina 01,1816,wiejska,23589,50.69238,21.79604
1816002,podkarpackie powiat 16 gmina 02,1816,miejsko-wiejska,900,50.88376,22.0447
1816003,podkarpackie powiat 16 gmina 03,1816,miejska,19465,50.81758,22.02682
1816004,podkarpackie powiat 16 gmina 04,1816,miejska,18024,50.68027,22.14507
1816005,podkarpackie powiat 16 gmina 05,1816,wiejska,12623,50.59855,22.1765
1816006,podkarpackie powiat 16 gmina 06,1816,wiejska,30297,50.57138,22.07022
1817001,podkarpackie powiat 17 gmina 01,1817,miejska,13395,50.50551,22.50823
1817002,podkarpackie powiat 17 gmina 02,1817,miejska,7662,50.63956,22.63067
1817003,podkarpackie powiat 17 gmina 03,1817,miejsko-wiejska,8139,50.54467,22.69026
1817004,podkarpackie powiat 17 gmina 04,1817,wiejska,8502,50.78829,22.68488
1817005,podkarpackie powiat 17 gmina 05,1817,miejska,10922,50.52016,22.42508
1817006,podkarpackie powiat 17 gmina 06,1817,wiejska,11688,50.72309,22.42558
1818001,podkarpackie powiat 18 gmina 01,1818,wiejska,10265,50.14057,21.82726
1818002,podkarpackie powiat 18 gmina 02,1818,miejska,4283,49.96712,22.06518
1818003,podkarpackie powiat 18 gmina 03,1818,miejsko-wiejska,11570,49.99726,21.90626
1818004,podkarpackie powiat 18 gmina 04,1818,miejska,5666,50.24963,22.05571
1818005,podkarpackie powiat 18 gmina 05,1818,wiejska,20247,49.99595,21.86537
1818006,podkarpackie powiat 18 gmina 06,1818,wiejska,11861,50.15858,21.73971
1819001,podkarpackie powiat 19 gmina 01,1819,wiejska,8888,49.67022,22.11117
1819002,podkarpackie powiat 19 gmina 02,1819,wiejska,10743,49.70248,22.07886
1819003,podkarpackie powiat 19 gmina 03,1819,miejsko-wiejska,4527,49.5966,22.03904
1819004,podkarpackie powiat 19 gmina 04,1819,wiejska,5445,49.55724,22.15709
1819005,podkarpackie powiat 19 gmina 05,1819,wiejska,8185,49.48697,21.80474
1819006,podkarpackie powiat 19 gmina 06,1819,wiejska,6551,49.39928,21.73497
1820001,podkarpackie powiat 20 gmina 01,1820,wiejska,6256,49.68036,22.34268
1820002,podkarpackie powiat 20 gmina 02,1820,wiejska,900,49.72491,22.3938
1820003,podkarpackie powiat 20 gmina 03,1820,wiejska,8204,49.66011,22.50371
1820004,podkarpackie powiat 20 gmina 04,1820,wiejska,7736,49.62972,22.19601
1820005,podkarpackie powiat 20 gmina 05,1820,miejska,10034,49.83674,22.40499
1820006,podkarpackie powiat 20 gmina 06,1820,wiejska,7790,49.65566,22.45773
1821001,podkarpackie powiat 21 gmina 01,1821,miejska,11489,50.50973,21.84309
1821002,podkarpackie powiat 21 gmina 02,1821,wiejska,6261,50.7609,21.60835
1821003,podkarpackie powiat 21 gmina 03,1821,miejska,7931,50.52694,21.94557
1821004,podkarpackie powiat 21 gmina 04,1821,wiejska,4381,50.46588,21.95528
1821005,podkarpackie powiat 21 gmina 05,1821,miejsko-wiejska,10234,50.77432,22.02903
1821006,podkarpackie powiat 21 gmina 06,1821,miejsko-wiejska,1030,50.38898,21.66266
1822001,podkarpackie powiat 22 gmina 01,1822,wiejska,5764,50.49904,22.25254
1822002,podkarpackie powiat 22 gmina 02,1822,miejska,20235,50.57915,22.2758
1822003,podkarpackie powiat 22 gmina 03,1822,wiejska,14625,50.42033,22.2514
1822004,podkarpackie powiat 22 gmina 04,1822,miejsko-wiejska,6433,50.17271,22.51827
1822005,podkarpackie powiat 22 gmina 05,1822,miejsko-wiejska,13755,50.52394,22.59429
1822006,podkarpackie powiat 22 gmina 06,1822,miejska,15981,50.35637,22.46014
1823001,podkarpackie powiat 23 gmina 01,1823,wiejska,3579,50.24173,22.74107
1823002,podkarpackie powiat 23 gmina 02,1823,wiejska,10891,50.22222,22.55209
1823003,podkarpackie powiat 23 gmina 03,1823,wiejska,10568,50.32352,22.72538
1823004,podkarpackie powiat 23 gmina 04,1823,miejska,17989,50.42326,22.66744
1823005,podkarpackie powiat 23 gmina 05,1823,miejsko-wiejska,6851,50.11453,22.49981
1823006,podkarpackie powiat 23 gmina 06,1823,miejsko-wiejska,14777,50.40897,22.66189
1824001,podkarpackie powiat 24 gmina 01,1824,miejska,26416,50.35596,21.9223
1824002,podkarpackie powiat 24 gmina 02,1824,wiejska,22526,50.34604,21.937
1824003,podkarpackie powiat 24 gmina 03,1824,wiejska,1944,50.46465,21.86755
1824004,podkarpackie powiat 24 gmina 04,1824,miejska,26829,50.33084,21.8483
1824005,podkarpackie powiat 24 gmina 05,1824,wiejska,33732,50.29422,21.96402
1824006,podkarpackie powiat 24 gmina 06,1824,miejsko-wiejska,26568,50.41698,21.96327
1825001,podkarpackie powiat 25 gmina 01,1825,miejska,21598,50.14443,22.1134
1825002,podkarpackie powiat 25 gmina 02,1825,wiejska,17120,49.82324,22.21497
1825003,podkarpackie powiat 25 gmina 03,1825,wiejska,6803,50.09557,22.37086
1825004,podkarpackie powiat 25 gmina 04,1825,wiejska,900,50.17602,22.40115
1825005,podkarpackie powiat 25 gmina 05,1825,wiejska,22676,50.13817,22.07385
1825006,podkarpackie powiat 25 gmina 06,1825,wiejska,1309,49.9144,22.24863
2001001,podlaskie powiat 01 gmina 01,2001,wiejska,9227,52.51983,23.6007
2001002,podlaskie powiat 01 gmina 02,2001,wiejska,6034,52.40639,23.49287
2001003,podlaskie powiat 01 gmina 03,2001,miejsko-wiejska,9421,52.44024,23.61998
2001004,podlaskie powiat 01 gmina 04,2001,wiejska,900,52.43451,23.74146
2001005,podlaskie powiat 01 gmina 05,2001,wiejska,10463,52.31414,23.73188
2001006,podlaskie powiat 01 gmina 06,2001,wiejska,14585,52.47721,23.55789
2001007,podlaskie powiat 01 gmina 07,2001,miejska,12713,52.28796,23.8081
2002001,podlaskie powiat 02 gmina 01,2002,wiejska,900,53.10877,23.23211
2002002,podlaskie powiat 02 gmina 02,2002,wiejska,12400,53.13673,23.39029
2002003,podlaskie powiat 02 gmina 03,2002,miejska,14645,53.30481,23.45343
2002004,podlaskie powiat 02 gmina 04,2002,wiejska,4782,53.37841,23.193
2002005,podlaskie powiat 02 gmina 05,2002,wiejska,6830,53.34071,23.47897
2002006,podlaskie powiat 02 gmina 06,2002,wiejska,20904,53.13113,23.28287
2002007,podlaskie powiat 02 gmina 07,2002,miejska,19457,53.15793,23.44138
2003001,podlaskie powiat 03 gmina 01,2003,miejska,9903,52.46338,22.56053
2003002,podlaskie powiat 03 gmina 02,2003,miejsko-wiejska,4947,52.49962,22.34783
2003003,podlaskie powiat 03 gmina 03,2003,wiejska,15655,52.54236,22.41979
2003004,podlaskie powiat 03 gmina 04,2003,miejsko-wiejska,14381,52.64563,22.39285
2003005,podlaskie powiat 03 gmina 05,2003,miejska,4663,52.59826,22.38635
2003006,podlaskie powiat 03 gmina 06,2003,miejsko-wiejska,11247,52.44774,22.73749
2003007,podlaskie powiat 03 gmina 07,2003,wiejska,11050,52.47465,22.40775
2004001,podlaskie powiat 04 gmina 01,2004,wiejska,2305,53.79737,22.82671
2004002,podlaskie powiat 04 gmina 02,2004,wiejska,8496,53.75283,22.71481
2004003,podlaskie powiat 04 gmina 03,2004,miejsko-wiejska,6517,53.55989,22.58914
2004004,podlaskie powiat 04 gmina 04,2004,miejsko-wiejska,1666,53.76312,22.81401
2004005,podlaskie powiat 04 gmina 05,2004,miejsko-wiejska,7635,53.85615,22.54016
2004006,podlaskie powiat 04 gmina 06,2004,wiejska,4904,53.73251,22.72162
2004007,podlaskie powiat 04 gmina 07,2004,wiejska,11354,53.88813,22.49054
2005001,podlaskie powiat 05 gmina 01,2005,wiejska,21284,52.93945,22.90442
2005002,podlaskie powiat 05 gmina 02,2005,miejsko-wiejska,12995,52.79366,22.75495
2005003,podlaskie powiat 05 gmina 03,2005,wiejska,10750,52.64894,22.96483
2005004,podlaskie powiat 05 gmina 04,2005,wiejska,10535,52.94664,22.88893
2005005,podlaskie powiat 05 gmina 05,2005,miejsko-wiejska,900,52.63906,22.79892
2005006,podlaskie powiat 05 gmina 06,2005,miejsko-wiejska,6111,52.57714,22.62809
2005007,podlaskie powiat 05 gmina 07,2005,wiejska,5679,52.68692,22.7802
2006001,podlaskie powiat 06 gmina 01,2006,wiejska,10039,53.21113,22.74133
2006002,podlaskie powiat 06 gmina 02,2006,miejsko-wiejska,9591,53.34663,22.76398
2006003,podlaskie powiat 06 gmina 03,2006,wiejska,10828,53.22938,22.8393
2006004,podlaskie powiat 06 gmina 04,2006,miejska,6026,53.50834,22.64905
2006005,podlaskie powiat 06 gmina 05,2006,miejsko-wiejska,8954,53.59693,22.49747
2006006,podlaskie powiat 06 gmina 06,2006,miejska,14340,53.54921,22.51082
2006007,podlaskie powiat 06 gmina 07,2006,miejska,13254,53.41417,22.60773
2007001,podlaskie powiat 07 gmina 01,2007,miejska,5638,53.01683,23.37821
2007002,podlaskie powiat 07 gmina 02,2007,wiejska,9982,52.69601,23.37718
2007003,podlaskie powiat 07 gmina 03,2007,miejsko-wiejska,3139,52.98742,23.44822
2007004,podlaskie powiat 07 gmina 04,2007,wiejska,2142,53.07553,23.25203
2007005,podlaskie powiat 07 gmina 05,2007,miejsko-wiejska,8669,52.70391,23.08221
2007006,podlaskie powiat 07 gmina 06,2007,miejska,900,52.84569,23.18512
2007007,podlaskie powiat 07 gmina 07,2007,wiejska,9915,52.86639,23.51545
2008001,podlaskie powiat 08 gmina 01,2008,miejsko-wiejska,12905,53.52751,22.88584
2008002,podlaskie powiat 08 gmina 02,2008,miejska,5414,53.79586,22.5715
2008003,podlaskie powiat 08 gmina 03,2008,wiejska,8130,53.5744,22.74493
2008004,podlaskie powiat 08 gmina 04,2008,miejsko-wiejska,9219,53.52159,22.73598
2008005,podlaskie powiat 08 gmina 05,2008,wiejska,9111,53.58735,22.57402
2008006,podlaskie powiat 08 gmina 06,2008,wiejska,14118,53.56961,22.66887
2008007,podlaskie powiat 08 gmina 07,2008,miejska,10205,53.71644,22.65998
2009001,podlaskie powiat 09 gmina 01,2009,wiejska,7406,52.98348,22.68729
2009002,podlaskie powiat 09 gmina 02,2009,miejsko-wiejska,5670,53.12323,22.99044
2009003,podlaskie powiat 09 gmina 03,2009,wiejska,11058,52.96275,22.97659
2009004,podlaskie powiat 09 gmina 04,2009,wiejska,5224,53.18559,22.98245
2009005,podlaskie powiat 09 gmina 05,2009,miejsko-wiejska,3082,53.03341,22.83417
2009006,podlaskie powiat 09 gmina 06,2009,wiejska,11891,53.09945,22.70206
2009007,podlaskie powiat 09 gmina 07,2009,wiejska,6336,53.14473,22.72285
2010001,podlaskie powiat 10 gmina 01,2010,wiejska,14067,53.04024,23.76807
2010002,podlaskie powiat 10 gmina 02,2010,wiejska,8233,52.99993,23.80161
2010003,podlaskie powiat 10 gmina 03,2010,wiejska,1505,52.63172,23.83051
2010004,podlaskie powiat 10 gmina 04,2010,miejska,13484,52.67209,23.75565
2010005,podlaskie powiat 10 gmina 05,2010,wiejska,5045,53.02154,23.99099
2010006,podlaskie powiat 10 gmina 06,2010,miejsko-wiejska,900,52.72773,23.9489
2010007,podlaskie powiat 10 gmina 07,2010,miejska,6271,52.89049,23.79264
2011001,podlaskie powiat 11 gmina 01,2011,wiejska,900,52.94687,23.19345
2011002,podlaskie powiat 11 gmina 02,2011,wiejska,5288,52.86682,23.15696
2011003,podlaskie powiat 11 gmina 03,2011,wiejska,5567,52.8908,23.31524
2011004,podlaskie powiat 11 gmina 04,2011,miejska,12025,52.57688,23.43043
2011005,podlaskie powiat 11 gmina 05,2011,miejska,8228,52.6589,23.32681
2011006,podlaskie powiat 11 gmina 06,2011,miejsko-wiejska,9553,52.83498,23.41343
2011007,podlaskie powiat 11 gmina 07,2011,wiejska,4975,52.6782,23.08208
2012001,podlaskie powiat 12 gmina 01,2012,wiejska,8659,53.17988,23.02152
2012002,podlaskie powiat 12 gmina 02,2012,wiejska,3998,53.19767,23.14113
2012003,podlaskie powiat 12 gmina 03,2012,wiejska,9325,53.10732,23.37181
2012004,podlaskie powiat 12 gmina 04,2012,wiejska,4212,53.14593,23.1381
2012005,podlaskie powiat 12 gmina 05,2012,miejska,900,53.43274,23.29306
2012006,podlaskie powiat 12 gmina 06,2012,wiejska,7855,53.23993,23.31967
2012007,podlaskie powiat 12 gmina 07,2012,wiejska,2920,53.13934,23.26362
2013001,podlaskie powiat 13 gmina 01,2013,wiejska,6082,52.7958,23.59668
2013002,podlaskie powiat 13 gmina 02,2013,miejska,6362,52.65192,23.60356
2013003,podlaskie powiat 13 gmina 03,2013,wiejska,6618,52.67523,23.40274
2013004,podlaskie powiat 13 gmina 04,2013,miejsko-wiejska,2437,52.99909,23.81082
2013005,podlaskie powiat 13 gmina 05,2013,wiejska,3634,52.75597,23.61249
2013006,podlaskie powiat 13 gmina 06,2013,wiejska,5063,52.60887,23.8026
2013007,podlaskie powiat 13 gmina 07,2013,wiejska,7077,52.84066,23.48255
2014001,podlaskie powiat 14 gmina 01,2014,wiejska,18096,53.41163,23.43968
2014002,podlaskie powiat 14 gmina 02,2014,wiejska,14643,53.39678,23.52189
2014003,podlaskie powiat 14 gmina 03,2014,miejsko-wiejska,4555,53.20048,23.23063
2014004,podlaskie powiat 14 gmina 04,2014,wiejska,5712,53.37146,23.51308
2014005,podlaskie powiat 14 gmina 05,2014,wiejska,5065,53.29425,23.51512
2014006,podlaskie powiat 14 gmina 06,2014,miejsko-wiejska,15802,53.35879,23.63423
2014007,podlaskie powiat 14 gmina 07,2014,wiejska,8520,53.37737,23.61888
2015001,podlaskie powiat 15 gmina 01,2015,wiejska,5806,53.40918,23.85275
2015002,podlaskie powiat 15 gmina 02,2015,wiejska,7401,53.51636,23.56757
2015003,podlaskie powiat 15 gmina 03,2015,wiejska,3712,53.57705,23.74604
2015004,podlaskie powiat 15 gmina 04,2015,miejska,7374,53.53689,23.77648
2015005,podlaskie powiat 15 gmina 05,2015,wiejska,7581,53.43119,23.79805
2015006,podlaskie powiat 15 gmina 06,2015,wiejska,8301,53.56048,23.63142
2015007,podlaskie powiat 15 gmina 07,2015,miejska,8574,53.58556,23.81552
2016001,podlaskie powiat 16 gmina 01,2016,wiejska,6231,52.85688,23.14802
2016002,podlaskie powiat 16 gmina 02,2016,wiejska,5041,52.70098,23.02488
2016003,podlaskie powiat 16 gmina 03,2016,miejsko-wiejska,6084,53.04323,23.05832
2016004,podlaskie powiat 16 gmina 04,2016,wiejska,4623,52.70758,22.88598
2016005,podlaskie powiat 16 gmina 05,2016,wiejska,2472,53.0229,23.0399
2016006,podlaskie powiat 16 gmina 06,2016,miejska,3821,52.90065,23.24211
2016007,podlaskie powiat 16 gmina 07,2016,wiejska,6973,52.74768,23.01058
2017001,podlaskie powiat 17 gmina 01,2017,miejska,15819,53.47131,22.63003
2017002,podlaskie powiat 17 gmina 02,2017,miejsko-wiejska,11342,53.26422,22.59028
2017003,podlaskie powiat 17 gmina 03,2017,miejska,900,53.30365,22.56383
2017004,podlaskie powiat 17 gmina 04,2017,wiejska,900,53.59604,22.74414
2017005,podlaskie powiat 17 gmina 05,2017,wiejska,22791,53.40933,22.52296
2017006,podlaskie powiat 17 gmina 06,2017,wiejska,900,53.62045,22.74804
2201001,pomorskie powiat 01 gmina 01,2201,wiejska,22719,53.74675,18.5109
2201002,pomorskie powiat 01 gmina 02,2201,wiejska,32223,53.78128,18.79297
2201003,pomorskie powiat 01 gmina 03,2201,wiejska,34481,53.97095,18.54681
2201004,pomorskie powiat 01 gmina 04,2201,wiejska,17061,53.88792,18.84433
2201005,pomorskie powiat 01 gmina 05,2201,wiejska,17703,53.85231,18.77562
2201006,pomorskie powiat 01 gmina 06,2201,miejsko-wiejska,31199,54.01416,18.90703
2201007,pomorskie powiat 01 gmina 07,2201,miejska,30879,53.58756,18.6442
2202001,pomorskie powiat 02 gmina 01,2202,wiejska,9772,54.37377,19.31381
2202002,pomorskie powiat 02 gmina 02,2202,wiejska,42162,54.44782,19.08263
2202003,pomorskie powiat 02 gmina 03,2202,miejsko-wiejska,8285,54.6125,19.42395
2202004,pomorskie powiat 02 gmina 04,2202,wiejska,27276,54.50136,19.17613
2202005,pomorskie powiat 02 gmina 05,2202,wiejska,29432,54.42991,19.42382
2202006,pomorskie powiat 02 gmina 06,2202,wiejska,12465,54.23454,19.39743
2202007,pomorskie powiat 02 gmina 07,2202,wiejska,6601,54.56319,19.12077
2203001,pomorskie powiat 03 gmina 01,2203,wiejska,15784,54.15567,19.17789
2203002,pomorskie powiat 03 gmina 02,2203,wiejska,24934,54.39506,18.92568
2203003,pomorskie powiat 03 gmina 03,2203,miejsko-wiejska,23227,54.41971,18.95683
2203004,pomorskie powiat 03 gmina 04,2203,wiejska,5489,54.20174,18.99969
2203005,pomorskie powiat 03 gmina 05,2203,miejska,1077,54.49967,18.94049
2203006,pomorskie powiat 03 gmina 06,2203,miejsko-wiejska,10216,54.14456,19.19072
2203007,pomorskie powiat 03 gmina 07,2203,wiejska,8312,54.51475,19.22352
2204001,pomorskie powiat 04 gmina 01,2204,wiejska,11020,54.20574,18.17319
2204002,pomorskie powiat 04 gmina 02,2204,miejsko-wiejska,22865,54.17259,18.09659
2204003,pomorskie powiat 04 gmina 03,2204,miejska,12192,53.94097,17.88793
2204004,pomorskie powiat 04 gmina 04,2204,wiejska,28187,54.21593,18.26172
2204005,pomorskie powiat 04 gmina 05,2204,wiejska,27309,54.26554,18.26914
2204006,pomorskie powiat 04 gmina 06,2204,wiejska,38489,53.89081,17.87658
2205001,pomorskie powiat 05 gmina 01,2205,wiejska,900,54.81285,18.92354
2205002,pomorskie powiat 05 gmina 02,2205,wiejska,17642,55.0227,18.99162
2205003,pomorskie powiat 05 gmina 03,2205,miejska,25235,54.90906,18.9656
2205004,pomorskie powiat 05 gmina 04,2205,wiejska,3827,55.08708,19.13131
2205005,pomorskie powiat 05 gmina 05,2205,miejsko-wiejska,19485,54.73639,19.05568
2205006,pomorskie powiat 05 gmina 06,2205,wiejska,20796,54.98152,19.02644
2206001,pomorskie powiat 06 gmina 01,2206,wiejska,9680,55.27151,19.19435
2206002,pomorskie powiat 06 gmina 02,2206,wiejska,900,55.19752,19.10129
2206003,pomorskie powiat 06 gmina 03,2206,wiejska,21197,54.97948,19.24775
2206004,pomorskie powiat 06 gmina 04,2206,wiejska,20756,55.15527,19.24006
2206005,pomorskie powiat 06 gmina 05,2206,wiejska,13595,54.91167,19.09798
2206006,pomorskie powiat 06 gmina 06,2206,miejsko-wiejska,17095,55.26603,19.17355
2207001,pomorskie powiat 07 gmina 01,2207,miejsko-wiejska,23493,54.33532,18.65706
2207002,pomorskie powiat 07 gmina 02,2207,wiejska,19955,54.52025,18.53085
2207003,pomorskie powiat 07 gmina 03,2207,wiejska,46100,54.2727,18.73553
2207004,pomorskie powiat 07 gmina 04,2207,wiejska,33944,54.24446,18.68978
2207005,pomorskie powiat 07 gmina 05,2207,miejska,900,54.49908,18.56009
2207006,pomorskie powiat 07 gmina 06,2207,wiejska,30659,54.24739,18.665
2208001,pomorskie powiat 08 gmina 01,2208,miejska,30267,54.7198,18.87698
2208002,pomorskie powiat 08 gmina 02,2208,wiejska,30398,54.70993,18.80674
2208003,pomorskie powiat 08 gmina 03,2208,miejsko-wiejska,22331,54.80869,18.74137
2208004,pomorskie powiat 08 gmina 04,2208,miejsko-wiejska,24751,54.79794,18.5957
2208005,pomorskie powiat 08 gmina 05,2208,wiejska,26836,54.82183,18.83948
2208006,pomorskie powiat 08 gmina 06,2208,wiejska,32558,54.81719,18.82931
2209001,pomorskie powiat 09 gmina 01,2209,miejsko-wiejska,4639,53.94773,18.01685
2209002,pomorskie powiat 09 gmina 02,2209,wiejska,5270,54.01996,17.8793
2209003,pomorskie powiat 09 gmina 03,2209,wiejska,900,54.07493,18.09469
2209004,pomorskie powiat 09 gmina 04,2209,wiejska,4999,53.85383,18.00155
2209005,pomorskie powiat 09 gmina 05,2209,wiejska,4954,53.94799,18.00841
2209006,pomorskie powiat 09 gmina 06,2209,wiejska,3640,53.74286,17.96625
2210001,pomorskie powiat 10 gmina 01,2210,wiejska,33486,54.57362,19.12916
2210002,pomorskie powiat 10 gmina 02,2210,wiejska,20073,54.50773,19.24029
2210003,pomorskie powiat 10 gmina 03,2210,wiejska,19254,54.62402,19.39938
2210004,pomorskie powiat 10 gmina 04,2210,wiejska,900,54.58177,19.05817
2210005,pomorskie powiat 10 gmina 05,2210,wiejska,12989,54.43908,19.2778
2210006,pomorskie powiat 10 gmina 06,2210,miejska,17623,54.53816,19.39711
2211001,pomorskie powiat 11 gmina 01,2211,wiejska,900,55.14103,18.20938
2211002,pomorskie powiat 11 gmina 02,2211,miejsko-wiejska,22973,54.82525,18.37397
2211003,pomorskie powiat 11 gmina 03,2211,wiejska,22873,54.83682,18.20082
2211004,pomorskie powiat 11 gmina 04,2211,miejsko-wiejska,8401,55.12072,18.14529
2211005,pomorskie powiat 11 gmina 05,2211,miejsko-wiejska,18438,54.98563,18.31603
2211006,pomorskie powiat 11 gmina 06,2211,miejsko-wiejska,900,54.74612,18.26215
2212001,pomorskie powiat 12 gmina 01,2212,wiejska,12671,53.8817,19.29175
2212002,pomorskie powiat 12 gmina 02,2212,miejsko-wiejska,8189,53.89751,19.32596
2212003,pomorskie powiat 12 gmina 03,2212,miejsko-wiejska,22873,53.684,19.13955
2212004,pomorskie powiat 12 gmina 04,2212,wiejska,24989,53.69599,19.17874
2212005,pomorskie powiat 12 gmina 05,2212,wiejska,900,53.85661,19.19105
2212006,pomorskie powiat 12 gmina 06,2212,miejska,14210,53.64821,19.36981
2213001,pomorskie powiat 13 gmina 01,2213,miejska,36457,55.1105,18.05613
2213002,pomorskie powiat 13 gmina 02,2213,wiejska,18149,54.82473,18.06725
2213003,pomorskie powiat 13 gmina 03,2213,wiejska,22036,55.03527,18.31806
2213004,pomorskie powiat 13 gmina 04,2213,wiejska,31099,54.79765,18.04384
2213005,pomorskie powiat 13 gmina 05,2213,miejsko-wiejska,6534,54.89755,17.94764
2213006,pomorskie powiat 13 gmina 06,2213,wiejska,29363,54.90369,17.8915
2214001,pomorskie powiat 14 gmina 01,2214,miejska,25694,54.43613,19.03259
2214002,pomorskie powiat 14 gmina 02,2214,wiejska,18666,54.66941,18.95095
2214003,pomorskie powiat 14 gmina 03,2214,wiejska,48720,54.48707,18.79565
2214004,pomorskie powiat 14 gmina 04,2214,miejska,29813,54.81399,18.95791
2214005,pomorskie powiat 14 gmina 05,2214,miejsko-wiejska,18842,54.70819,18.92619
2214006,pomorskie powiat 14 gmina 06,2214,wiejska,33555,54.60316,19.02405
2215001,pomorskie powiat 15 gmina 01,2215,miejska,6581,53.88107,18.69342
2215002,pomorskie powiat 15 gmina 02,2215,wiejska,13490,54.03024,18.47034
2215003,pomorskie powiat 15 gmina 03,2215,miejsko-wiejska,900,53.84772,18.56056
2215004,pomorskie powiat 15 gmina 04,2215,miejska,9747,53.8236,18.35506
2215005,pomorskie powiat 15 gmina 05,2215,wiejska,14296,53.66938,18.4656
2215006,pomorskie powiat 15 gmina 06,2215,miejsko-wiejska,13006,53.63704,18.61811
2216001,pomorskie powiat 16 gmina 01,2216,wiejska,10448,54.38385,18.59976
2216002,pomorskie powiat 16 gmina 02,2216,wiejska,16388,54.54997,18.6401
2216003,pomorskie powiat 16 gmina 03,2216,miejsko-wiejska,29270,54.53036,18.67658
2216004,pomorskie powiat 16 gmina 04,2216,miejsko-wiejska,10546,54.2503,18.66626
2216005,pomorskie powiat 16 gmina 05,2216,wiejska,23295,54.15568,18.32374
2216006,pomorskie powiat 16 gmina 06,2216,miejska,17641,54.53176,18.36142
2217001,pomorskie powiat 17 gmina 01,2217,miejsko-wiejska,4225,54.26392,19.48715
2217002,pomorskie powiat 17 gmina 02,2217,wiejska,4955,54.23362,19.32625
2217003,pomorskie powiat 17 gmina 03,2217,wiejska,17761,54.48617,19.49319
2217004,pomorskie powiat 17 gmina 04,2217,miejsko-wiejska,15917,54.22548,19.3736
2217005,pomorskie powiat 17 gmina 05,2217,wiejska,1257,54.35621,19.43228
2217006,pomorskie powiat 17 gmina 06,2217,miejsko-wiejska,24816,54.37222,19.52081
2218001,pomorskie powiat 18 gmina 01,2218,miejsko-wiejska,1608,53.79908,18.97236
2218002,pomorskie powiat 18 gmina 02,2218,wiejska,3255,53.82782,19.09317
2218003,pomorskie powiat 18 gmina 03,2218,miejsko-wiejska,3858,53.90037,18.93114
2218004,pomorskie powiat 18 gmina 04,2218,wiejska,6219,53.71703,18.87192
2218005,pomorskie powiat 18 gmina 05,2218,miejsko-wiejska,5794,53.64093,18.94233
2218006,pomorskie powiat 18 gmina 06,2218,wiejska,3832,53.58289,18.83676
2219001,pomorskie powiat 19 gmina 01,2219,wiejska,23714,54.2295,18.05699
2219002,pomorskie powiat 19 gmina 02,2219,miejsko-wiejska,20092,54.38978,18.24422
2219003,pomorskie powiat 19 gmina 03,2219,wiejska,14058,54.25102,18.17615
2219004,pomorskie powiat 19 gmina 04,2219,wiejska,27357,54.25004,18.10587
2219005,pomorskie powiat 19 gmina 05,2219,miejska,12780,54.06112,18.1173
2219006,pomorskie powiat 19 gmina 06,2219,wiejska,14389,54.19571,17.9986
2220001,pomorskie powiat 20 gmina 01,2220,wiejska,15432,54.86851,18.42716
2220002,pomorskie powiat 20 gmina 02,2220,wiejska,8255,54.75353,18.53264
2220003,pomorskie powiat 20 gmina 03,2220,wiejska,14371,55.01113,18.40651
2220004,pomorskie powiat 20 gmina 04,2220,wiejska,6143,55.02337,18.42989
2220005,pomorskie powiat 20 gmina 05,2220,wiejska,15125,55.03708,18.446
2220006,pomorskie powiat 20 gmina 06,2220,wiejska,15847,54.67176,18.53228
2401001,Racibórz,2401,wiejska,8192,49.43858,19.44654
2401002,Krzyżanowice,2401,wiejska,13167,49.46263,19.42558
2402001,Wodzisław Śląski,2402,miejsko-wiejska,3356,49.64075,19.21585
2401003,raciborski gmina 03,2401,miejsko-wiejska,8044,49.54776,19.64036
2401004,raciborski gmina 04,2401,miejska,12106,49.37441,19.2433
2401005,raciborski gmina 05,2401,wiejska,7869,49.54694,19.57164
2401006,raciborski gmina 06,2401,wiejska,5325,49.75657,19.55846
2401007,raciborski gmina 07,2401,miejsko-wiejska,10301,49.45431,19.4478
2402002,wodzisławski gmina 02,2402,miejsko-wiejska,36896,49.70874,19.01044
2402003,wodzisławski gmina 03,2402,wiejska,32227,49.86402,19.33814
2402004,wodzisławski gmina 04,2402,wiejska,17946,49.79463,19.25705
2402005,wodzisławski gmina 05,2402,miejsko-wiejska,8414,49.70482,18.98039
2402006,wodzisławski gmina 06,2402,miejska,15230,49.58472,18.95888
2403001,Gliwice gmina 01,2403,wiejska,18144,50.05461,19.76714
2403002,Gliwice gmina 02,2403,wiejska,18576,49.64125,19.53755
2403003,Gliwice gmina 03,2403,wiejska,6924,49.89749,19.46017
2403004,Gliwice gmina 04,2403,wiejska,24419,49.90213,19.49223
2403005,Gliwice gmina 05,2403,wiejska,20654,49.74227,19.51279
2404001,śląskie powiat 04 gmina 01,2404,wiejska,35326,49.53422,19.42754
2404002,śląskie powiat 04 gmina 02,2404,miejsko-wiejska,39445,49.6095,19.61231
2404003,śląskie powiat 04 gmina 03,2404,wiejska,37018,49.93349,19.56458
2404004,śląskie powiat 04 gmina 04,2404,wiejska,40592,49.55886,19.41061
2404005,śląskie powiat 04 gmina 05,2404,miejsko-wiejska,18226,49.8424,19.56361
2405001,śląskie powiat 05 gmina 01,2405,wiejska,20734,49.72259,18.59328
2405002,śląskie powiat 05 gmina 02,2405,wiejska,28239,49.88026,18.48719
2405003,śląskie powiat 05 gmina 03,2405,miejsko-wiejska,14255,49.54285,18.68787
2405004,śląskie powiat 05 gmina 04,2405,miejska,12470,49.79994,18.837
2405005,śląskie powiat 05 gmina 05,2405,wiejska,25241,49.73038,18.58066
2406001,śląskie powiat 06 gmina 01,2406,wiejska,28221,50.60363,18.11175
2406002,śląskie powiat 06 gmina 02,2406,miejsko-wiejska,51230,50.52871,18.20358
2406003,śląskie powiat 06 gmina 03,2406,wiejska,900,50.71555,18.48623
2406004,śląskie powiat 06 gmina 04,2406,miejska,900,50.60211,18.49324
2406005,śląskie powiat 06 gmina 05,2406,wiejska,48010,50.50819,18.10209
2407001,śląskie powiat 07 gmina 01,2407,miejska,964,50.08711,18.3719
2407002,śląskie powiat 07 gmina 02,2407,wiejska,11013,50.08583,18.64108
2407003,śląskie powiat 07 gmina 03,2407,miejsko-wiejska,28289,50.08183,18.69808
2407004,śląskie powiat 07 gmina 04,2407,wiejska,34854,49.94959,18.65809
2407005,śląskie powiat 07 gmina 05,2407,miejska,22389,49.90002,18.39616
2408001,śląskie powiat 08 gmina 01,2408,wiejska,33381,50.79431,19.19081
2408002,śląskie powiat 08 gmina 02,2408,wiejska,20738,50.71889,19.07396
2408003,śląskie powiat 08 gmina 03,2408,miejska,33683,50.65043,18.91822
2408004,śląskie powiat 08 gmina 04,2408,miejska,35353,50.5123,18.86013
2408005,śląskie powiat 08 gmina 05,2408,wiejska,1915,50.52647,19.1908
2409001,śląskie powiat 09 gmina 01,2409,wiejska,16608,50.17432,18.57968
2409002,śląskie powiat 09 gmina 02,2409,miejska,10843,50.33103,18.37979
2409003,śląskie powiat 09 gmina 03,2409,wiejska,3531,50.37516,18.45906
2409004,śląskie powiat 09 gmina 04,2409,miejsko-wiejska,15506,50.2076,18.24258
2409005,śląskie powiat 09 gmina 05,2409,miejsko-wiejska,18256,50.42729,18.31386
2410001,śląskie powiat 10 gmina 01,2410,miejsko-wiejska,49180,50.94947,18.54951
2410002,śląskie powiat 10 gmina 02,2410,wiejska,7668,51.05645,18.16568
2410003,śląskie powiat 10 gmina 03,2410,wiejska,32321,51.09583,18.39794
2410004,śląskie powiat 10 gmina 04,2410,wiejska,1583,51.07243,18.21593
2410005,śląskie powiat 10 gmina 05,2410,wiejska,9857,51.04429,18.18733
2411001,śląskie powiat 11 gmina 01,2411,miejsko-wiejska,7315,50.30153,19.66204
2411002,śląskie powiat 11 gmina 02,2411,wiejska,6744,50.06337,19.87927
2411003,śląskie powiat 11 gmina 03,2411,wiejska,7526,50.19779,19.82081
2411004,śląskie powiat 11 gmina 04,2411,wiejska,5853,50.06016,19.67329
2411005,śląskie powiat 11 gmina 05,2411,wiejska,12884,50.01252,19.53154
2412001,śląskie powiat 12 gmina 01,2412,wiejska,2466,50.05747,18.88801
2412002,śląskie powiat 12 gmina 02,2412,wiejska,31403,50.36889,18.92168
2412003,śląskie powiat 12 gmina 03,2412,miejska,17215,50.34929,18.9398
2412004,śląskie powiat 12 gmina 04,2412,miejska,14068,50.12264,18.69301
2412005,śląskie powiat 12 gmina 05,2412,miejska,14037,50.43857,19.07758
2413001,śląskie powiat 13 gmina 01,2413,wiejska,13430,49.72904,18.32388
2413002,śląskie powiat 13 gmina 02,2413,miejska,18377,49.65279,18.37049
2413003,śląskie powiat 13 gmina 03,2413,miejska,7944,49.55111,18.24298
2413004,śląskie powiat 13 gmina 04,2413,miejska,2625,49.45929,18.53796
2413005,śląskie powiat 13 gmina 05,2413,miejsko-wiejska,20293,49.5357,18.40007
2414001,śląskie powiat 14 gmina 01,2414,miejska,25253,49.40398,18.65426
2414002,śląskie powiat 14 gmina 02,2414,miejsko-wiejska,1169,49.68178,18.56571
2414003,śląskie powiat 14 gmina 03,2414,miejska,22751,49.75545,18.51578
2414004,śląskie powiat 14 gmina 04,2414,miejsko-wiejska,6265,49.44188,18.51108
2414005,śląskie powiat 14 gmina 05,2414,miejsko-wiejska,20576,49.44549,18.87258
2415001,śląskie powiat 15 gmina 01,2415,miejska,2714,51.1809,19.11562
2415002,śląskie powiat 15 gmina 02,2415,wiejska,10243,51.08579,18.91574
2415003,śląskie powiat 15 gmina 03,2415,wiejska,24493,50.91953,19.20937
2415004,śląskie powiat 15 gmina 04,2415,miejsko-wiejska,21568,51.078,19.26011
2415005,śląskie powiat 15 gmina 05,2415,miejska,15696,51.09981,18.88324
2416001,śląskie powiat 16 gmina 01,2416,wiejska,12334,50.49162,18.34348
2416002,śląskie powiat 16 gmina 02,2416,wiejska,24222,50.52043,18.54821
2416003,śląskie powiat 16 gmina 03,2416,miejska,18744,50.62526,18.3251
2416004,śląskie powiat 16 gmina 04,2416,wiejska,10575,50.64074,18.28259
2416005,śląskie powiat 16 gmina 05,2416,miejsko-wiejska,22180,50.50815,18.38471
2417001,śląskie powiat 17 gmina 01,2417,wiejska,6300,50.59506,19.488
2417002,śląskie powiat 17 gmina 02,2417,wiejska,9970,50.66707,19.36992
2417003,śląskie powiat 17 gmina 03,2417,wiejska,2012,50.80976,19.3043
2417004,śląskie powiat 17 gmina 04,2417,wiejska,8444,50.75348,19.4643
2417005,śląskie powiat 17 gmina 05,2417,miejsko-wiejska,10802,50.55182,19.13632
2418001,śląskie powiat 18 gmina 01,2418,miejska,15413,50.39358,18.80174
2418002,śląskie powiat 18 gmina 02,2418,miejsko-wiejska,17190,50.12594,18.76999
2418003,śląskie powiat 18 gmina 03,2418,miejsko-wiejska,7957,50.03565,18.772
2418004,śląskie powiat 18 gmina 04,2418,miejsko-wiejska,18524,50.37393,18.50324
2418005,śląskie powiat 18 gmina 05,2418,wiejska,15826,50.39553,18.70628
2419001,śląskie powiat 19 gmina 01,2419,wiejska,17625,49.44912,19.11851
2419002,śląskie powiat 19 gmina 02,2419,miejsko-wiejska,4272,49.46999,19.06242
2419003,śląskie powiat 19 gmina 03,2419,miejska,39699,49.45081,18.85466
2419004,śląskie powiat 19 gmina 04,2419,wiejska,32149,49.79556,18.75983
2419005,śląskie powiat 19 gmina 05,2419,wiejska,19401,49.7647,19.02312
2420001,śląskie powiat 20 gmina 01,2420,wiejska,31429,50.00478,18.62657
2420002,śląskie powiat 20 gmina 02,2420,miejsko-wiejska,39053,49.98253,18.35135
2420003,śląskie powiat 20 gmina 03,2420,miejsko-wiejska,23894,50.0778,18.28754
2420004,śląskie powiat 20 gmina 04,2420,wiejska,32527,50.15551,18.66819
2420005,śląskie powiat 20 gmina 05,2420,wiejska,900,50.07717,18.59488
2421001,śląskie powiat 21 gmina 01,2421,wiejska,21865,49.50374,18.62682
2421002,śląskie powiat 21 gmina 02,2421,wiejska,16134,49.52797,18.47103
2421003,śląskie powiat 21 gmina 03,2421,wiejska,26691,49.51558,18.52689
2421004,śląskie powiat 21 gmina 04,2421,wiejska,1669,49.64086,18.33645
2422001,śląskie powiat 22 gmina 01,2422,miejsko-wiejska,8467,50.87654,18.96088
2422002,śląskie powiat 22 gmina 02,2422,wiejska,7655,50.56025,18.9226
2422003,śląskie powiat 22 gmina 03,2422,wiejska,8743,50.88506,18.9007
2422004,śląskie powiat 22 gmina 04,2422,wiejska,10417,50.77528,19.22123
2423001,śląskie powiat 23 gmina 01,2423,miejska,11116,49.72099,18.86509
2423002,śląskie powiat 23 gmina 02,2423,miejsko-wiejska,35604,49.72676,18.83225
2423003,śląskie powiat 23 gmina 03,2423,miejsko-wiejska,21287,49.49835,18.72262
2423004,śląskie powiat 23 gmina 04,2423,wiejska,14161,49.60251,18.75938
2424001,śląskie powiat 24 gmina 01,2424,miejsko-wiejska,13786,50.75114,19.67524
2424002,śląskie powiat 24 gmina 02,2424,miejska,11170,50.59954,19.68218
2424003,śląskie powiat 24 gmina 03,2424,wiejska,6395,50.77563,19.42202
2424004,śląskie powiat 24 gmina 04,2424,miejska,22758,50.79522,19.48359
2425001,śląskie powiat 25 gmina 01,2425,miejska,2393,50.02614,19.31017
2425002,śląskie powiat 25 gmina 02,2425,miejsko-wiejska,900,50.17766,19.20854
2425003,śląskie powiat 25 gmina 03,2425,wiejska,2788,49.89323,19.34469
2425004,śląskie powiat 25 gmina 04,2425,miejsko-wiejska,900,50.23167,19.0709
2426001,śląskie powiat 26 gmina 01,2426,miejsko-wiejska,900,50.42917,18.54871
2426002,śląskie powiat 26 gmina 02,2426,wiejska,41471,50.62064,18.56073
2426003,śląskie powiat 26 gmina 03,2426,miejska,14349,50.54857,18.42317
2426004,śląskie powiat 26 gmina 04,2426,miejsko-wiejska,13885,50.63408,18.45292
2427001,śląskie powiat 27 gmina 01,2427,miejsko-wiejska,31202,50.67955,19.34129
2427002,śląskie powiat 27 gmina 02,2427,miejska,28996,50.57685,19.32593
2427003,śląskie powiat 27 gmina 03,2427,miejska,36574,50.56206,19.07481
2427004,śląskie powiat 27 gmina 04,2427,wiejska,48673,50.55231,19.12318
2428001,śląskie powiat 28 gmina 01,2428,miejska,33123,50.94836,19.80175
2428002,śląskie powiat 28 gmina 02,2428,wiejska,32973,50.58005,19.89358
2428003,śląskie powiat 28 gmina 03,2428,miejska,5299,50.93971,19.91916
2428004,śląskie powiat 28 gmina 04,2428,wiejska,39541,50.98153,19.68004
2429001,śląskie powiat 29 gmina 01,2429,miejsko-wiejska,6700,49.55689,19.56307
2429002,śląskie powiat 29 gmina 02,2429,wiejska,2612,49.61758,19.77349
2429003,śląskie powiat 29 gmina 03,2429,miejsko-wiejska,9190,49.69562,19.45092
2429004,śląskie powiat 29 gmina 04,2429,wiejska,13393,49.50996,19.47954
2430001,śląskie powiat 30 gmina 01,2430,wiejska,3546,49.89947,18.36556
2430002,śląskie powiat 30 gmina 02,2430,wiejska,900,49.90061,18.36218
2430003,śląskie powiat 30 gmina 03,2430,miejsko-wiejska,19002,50.09975,18.73032
2430004,śląskie powiat 30 gmina 04,2430,wiejska,24432,49.83568,18.76285
2431001,śląskie powiat 31 gmina 01,2431,wiejska,16975,49.61307,19.56813
2431002,śląskie powiat 31 gmina 02,2431,wiejska,13799,49.51085,19.64029
2431003,śląskie powiat 31 gmina 03,2431,wiejska,19266,49.31784,19.62306
2431004,śląskie powiat 31 gmina 04,2431,miejska,10024,49.49331,19.56689
2432001,śląskie powiat 32 gmina 01,2432,wiejska,15135,50.27801,18.68577
2432002,śląskie powiat 32 gmina 02,2432,wiejska,30756,49.93286,18.29708
2432003,śląskie powiat 32 gmina 03,2432,miejsko-wiejska,2401,50.02735,18.57998
2432004,śląskie powiat 32 gmina 04,2432,miejska,14604,50.01024,18.63205
2433001,śląskie powiat 33 gmina 01,2433,wiejska,21399,50.01432,18.83404
2433002,śląskie powiat 33 gmina 02,2433,wiejska,24550,49.802,18.89277
2433003,śląskie powiat 33 gmina 03,2433,wiejska,13353,49.6883,18.99009
2433004,śląskie powiat 33 gmina 04,2433,wiejska,7672,49.62197,19.0281
2434001,śląskie powiat 34 gmina 01,2434,wiejska,4550,49.88422,19.43009
2434002,śląskie powiat 34 gmina 02,2434,wiejska,48789,50.26313,19.46304
2434003,śląskie powiat 34 gmina 03,2434,wiejska,32791,49.98925,19.20241
2434004,śląskie powiat 34 gmina 04,2434,wiejska,37269,49.89997,19.56298
2435001,śląskie powiat 35 gmina 01,2435,wiejska,11401,49.60291,18.29153
2435002,śląskie powiat 35 gmina 02,2435,miejska,7311,49.57151,18.71647
2435003,śląskie powiat 35 gmina 03,2435,wiejska,6574,49.47,18.72068
2435004,śląskie powiat 35 gmina 04,2435,miejsko-wiejska,8920,49.53993,18.44307
2436001,śląskie powiat 36 gmina 01,2436,miejska,14703,50.73342,18.71576
2436002,śląskie powiat 36 gmina 02,2436,miejsko-wiejska,12752,50.70038,18.68287
2436003,śląskie powiat 36 gmina 03,2436,wiejska,7630,50.61355,18.74747
2436004,śląskie powiat 36 gmina 04,2436,miejsko-wiejska,18220,50.54454,18.69214
2601001,świętokrzyskie powiat 01 gmina 01,2601,wiejska,11133,50.35574,20.86837
2601002,świętokrzyskie powiat 01 gmina 02,2601,miejsko-wiejska,14068,50.54467,20.9589
2601003,świętokrzyskie powiat 01 gmina 03,2601,wiejska,900,50.60881,20.98351
2601004,świętokrzyskie powiat 01 gmina 04,2601,miejsko-wiejska,900,50.68293,21.22897
2601005,świętokrzyskie powiat 01 gmina 05,2601,wiejska,3471,50.35153,21.07684
2601006,świętokrzyskie powiat 01 gmina 06,2601,miejska,11247,50.63661,21.19899
2601007,świętokrzyskie powiat 01 gmina 07,2601,miejska,7012,50.50126,21.04675
2601008,świętokrzyskie powiat 01 gmina 08,2601,wiejska,13138,50.40392,20.99105
2602001,świętokrzyskie powiat 02 gmina 01,2602,miejska,23500,50.62702,20.29008
2602002,świętokrzyskie powiat 02 gmina 02,2602,wiejska,7664,50.72266,20.44445
2602003,świętokrzyskie powiat 02 gmina 03,2602,wiejska,11178,50.86708,20.08682
2602004,świętokrzyskie powiat 02 gmina 04,2602,miejsko-wiejska,15248,50.928,20.19985
2602005,świętokrzyskie powiat 02 gmina 05,2602,wiejska,15442,50.89083,20.26595
2602006,świętokrzyskie powiat 02 gmina 06,2602,wiejska,6698,50.5478,20.15096
2602007,świętokrzyskie powiat 02 gmina 07,2602,wiejska,2575,50.90032,20.44429
2602008,świętokrzyskie powiat 02 gmina 08,2602,miejsko-wiejska,23540,50.97781,20.18988
2603001,świętokrzyskie powiat 03 gmina 01,2603,miejsko-wiejska,9944,50.049,20.53505
2603002,świętokrzyskie powiat 03 gmina 02,2603,miejsko-wiejska,2187,50.02093,20.53146
2603003,świętokrzyskie powiat 03 gmina 03,2603,wiejska,6026,50.04067,20.64934
2603004,świętokrzyskie powiat 03 gmina 04,2603,wiejska,8820,50.31675,20.47337
2603005,świętokrzyskie powiat 03 gmina 05,2603,wiejska,7620,50.30931,20.62243
2603006,świętokrzyskie powiat 03 gmina 06,2603,miejska,13911,50.38166,20.34116
2603007,świętokrzyskie powiat 03 gmina 07,2603,wiejska,15208,50.1567,20.52821
2603008,świętokrzyskie powiat 03 gmina 08,2603,wiejska,9273,50.36929,20.28616
2604001,świętokrzyskie powiat 04 gmina 01,2604,wiejska,8260,50.23426,20.16817
2604002,świętokrzyskie powiat 04 gmina 02,2604,wiejska,7843,50.01311,20.50581
2604003,świętokrzyskie powiat 04 gmina 03,2604,miejsko-wiejska,16115,50.14321,20.21864
2604004,świętokrzyskie powiat 04 gmina 04,2604,miejsko-wiejska,900,50.1977,20.23171
2604005,świętokrzyskie powiat 04 gmina 05,2604,wiejska,19934,50.1837,20.39162
2604006,świętokrzyskie powiat 04 gmina 06,2604,wiejska,18307,50.16982,20.15784
2604007,świętokrzyskie powiat 04 gmina 07,2604,wiejska,3719,50.30126,20.15155
2604008,świętokrzyskie powiat 04 gmina 08,2604,miejska,24366,50.07958,20.32679
2605001,świętokrzyskie powiat 05 gmina 01,2605,miejska,11668,50.42065,20.09225
2605002,świętokrzyskie powiat 05 gmina 02,2605,miejsko-wiejska,7116,50.52626,20.06984
2605003,świętokrzyskie powiat 05 gmina 03,2605,miejska,4073,50.46739,19.67465
2605004,świętokrzyskie powiat 05 gmina 04,2605,miejsko-wiejska,10030,50.40212,20.09959
2605005,świętokrzyskie powiat 05 gmina 05,2605,wiejska,22690,50.6012,19.94035
2605006,świętokrzyskie powiat 05 gmina 06,2605,miejska,26902,50.79598,19.75504
2605007,świętokrzyskie powiat 05 gmina 07,2605,miejska,17780,50.39842,19.89536
2606001,świętokrzyskie powiat 06 gmina 01,2606,wiejska,8721,50.2551,20.37303
2606002,świętokrzyskie powiat 06 gmina 02,2606,wiejska,900,50.47985,20.64244
2606003,świętokrzyskie powiat 06 gmina 03,2606,wiejska,12942,50.313,20.47157
2606004,świętokrzyskie powiat 06 gmina 04,2606,wiejska,7665,50.48753,20.44706
2606005,świętokrzyskie powiat 06 gmina 05,2606,miejsko-wiejska,13585,50.23574,20.53122
2606006,świętokrzyskie powiat 06 gmina 06,2606,wiejska,11669,50.28332,20.40175
2606007,świętokrzyskie powiat 06 gmina 07,2606,wiejska,5531,50.50904,20.64857
2607001,świętokrzyskie powiat 07 gmina 01,2607,wiejska,10108,51.49386,19.95315
2607002,świętokrzyskie powiat 07 gmina 02,2607,wiejska,1934,51.37261,19.95561
2607003,świętokrzyskie powiat 07 gmina 03,2607,miejska,8191,51.26994,20.0451
2607004,świętokrzyskie powiat 07 gmina 04,2607,wiejska,8623,51.3304,20.02493
2607005,świętokrzyskie powiat 07 gmina 05,2607,miejsko-wiejska,6956,51.46914,20.05055
2607006,świętokrzyskie powiat 07 gmina 06,2607,miejsko-wiejska,8489,51.18456,19.90869
2607007,świętokrzyskie powiat 07 gmina 07,2607,wiejska,2257,51.26281,19.79867
2608001,świętokrzyskie powiat 08 gmina 01,2608,miejska,35124,50.01336,19.82689
2608002,świętokrzyskie powiat 08 gmina 02,2608,miejsko-wiejska,32522,50.10425,19.89148
2608003,świętokrzyskie powiat 08 gmina 03,2608,wiejska,11260,50.12921,19.9515
2608004,świętokrzyskie powiat 08 gmina 04,2608,wiejska,37738,50.00483,19.80905
2608005,świętokrzyskie powiat 08 gmina 05,2608,wiejska,4591,49.99247,20.07948
2608006,świętokrzyskie powiat 08 gmina 06,2608,wiejska,27250,50.29228,19.82653
2608007,świętokrzyskie powiat 08 gmina 07,2608,wiejska,40456,50.17896,20.12242
2609001,świętokrzyskie powiat 09 gmina 01,2609,wiejska,3646,50.8108,20.79815
2609002,świętokrzyskie powiat 09 gmina 02,2609,miejsko-wiejska,12734,50.88162,21.00606
2609003,świętokrzyskie powiat 09 gmina 03,2609,wiejska,11128,51.1909,21.12397
2609004,świętokrzyskie powiat 09 gmina 04,2609,miejska,4234,51.15036,21.12679
2609005,świętokrzyskie powiat 09 gmina 05,2609,miejska,10964,51.0399,20.75341
2609006,świętokrzyskie powiat 09 gmina 06,2609,wiejska,971,50.87706,21.05447
2609007,świętokrzyskie powiat 09 gmina 07,2609,wiejska,2474,51.00104,20.86065
2610001,świętokrzyskie powiat 10 gmina 01,2610,miejsko-wiejska,14032,50.26888,20.0633
2610002,świętokrzyskie powiat 10 gmina 02,2610,wiejska,10613,50.12228,19.8544
2610003,świętokrzyskie powiat 10 gmina 03,2610,wiejska,9298,50.07343,19.73614
2610004,świętokrzyskie powiat 10 gmina 04,2610,miejska,13087,50.3714,19.88158
2610005,świętokrzyskie powiat 10 gmina 05,2610,miejsko-wiejska,19552,50.23117,20.08715
2610006,świętokrzyskie powiat 10 gmina 06,2610,wiejska,9551,50.47987,20.07181
2610007,świętokrzyskie powiat 10 gmina 07,2610,wiejska,6515,50.4856,19.7229
2611001,świętokrzyskie powiat 11 gmina 01,2611,wiejska,22634,51.41375,21.39574
2611002,świętokrzyskie powiat 11 gmina 02,2611,miejsko-wiejska,25113,51.34685,21.09382
2611003,świętokrzyskie powiat 11 gmina 03,2611,miejsko-wiejska,8978,51.47548,21.42888
2611004,świętokrzyskie powiat 11 gmina 04,2611,wiejska,26101,51.19798,21.27039
2611005,świętokrzyskie powiat 11 gmina 05,2611,wiejska,18657,51.4351,21.46784
2611006,świętokrzyskie powiat 11 gmina 06,2611,miejska,11502,51.26022,21.16859
2611007,świętokrzyskie powiat 11 gmina 07,2611,wiejska,18921,51.38989,21.42231
2612001,świętokrzyskie powiat 12 gmina 01,2612,miejska,4863,51.19716,20.45115
2612002,świętokrzyskie powiat 12 gmina 02,2612,miejsko-wiejska,8868,51.16861,20.11867
2612003,świętokrzyskie powiat 12 gmina 03,2612,wiejska,10067,51.25464,20.2834
2612004,świętokrzyskie powiat 12 gmina 04,2612,wiejska,5434,51.54055,20.35818
2612005,świętokrzyskie powiat 12 gmina 05,2612,wiejska,8803,51.38482,20.42579
2612006,świętokrzyskie powiat 12 gmina 06,2612,miejsko-wiejska,900,51.32283,20.4526
2612007,świętokrzyskie powiat 12 gmina 07,2612,miejska,7342,51.24553,20.14582
2613001,świętokrzyskie powiat 13 gmina 01,2613,wiejska,16723,50.49665,20.5506
2613002,świętokrzyskie powiat 13 gmina 02,2613,miejsko-wiejska,19015,50.68932,20.27372
2613003,świętokrzyskie powiat 13 gmina 03,2613,wiejska,5471,50.4438,20.18045
2613004,świętokrzyskie powiat 13 gmina 04,2613,wiejska,11047,50.76936,20.20486
2613005,świętokrzyskie powiat 13 gmina 05,2613,wiejska,14020,50.42778,20.38883
2613006,świętokrzyskie powiat 13 gmina 06,2613,wiejska,11224,50.40455,20.45326
2613007,świętokrzyskie powiat 13 gmina 07,2613,wiejska,3945,50.54745,20.29723
2614001,świętokrzyskie powiat 14 gmina 01,2614,wiejska,9943,50.36549,20.61509
2614002,świętokrzyskie powiat 14 gmina 02,2614,wiejska,19006,50.43269,20.84627
2614003,świętokrzyskie powiat 14 gmina 03,2614,miejska,17400,50.26542,20.45329
2614004,świętokrzyskie powiat 14 gmina 04,2614,wiejska,13076,50.24794,20.69722
2614005,świętokrzyskie powiat 14 gmina 05,2614,wiejska,19350,50.47123,20.81131
2614006,świętokrzyskie powiat 14 gmina 06,2614,wiejska,13473,50.23881,20.77004
2614007,świętokrzyskie powiat 14 gmina 07,2614,wiejska,29181,50.47121,20.46579
2801001,warmińsko powiat 01 gmina 01,2801,wiejska,16752,53.64067,20.81094
2801002,warmińsko powiat 01 gmina 02,2801,wiejska,9390,53.47111,20.63173
2801003,warmińsko powiat 01 gmina 03,2801,miejska,5926,53.7284,20.66358
2801004,warmińsko powiat 01 gmina 04,2801,miejska,13359,53.41057,20.71726
2801005,warmińsko powiat 01 gmina 05,2801,wiejska,21669,53.63131,20.97653
2801006,warmińsko powiat 01 gmina 06,2801,miejska,10519,53.54732,20.71007
2802001,warmińsko powiat 02 gmina 01,2802,miejsko-wiejska,15047,54.39129,20.1141
2802002,warmińsko powiat 02 gmina 02,2802,miejska,4279,54.10457,19.929
2802003,warmińsko powiat 02 gmina 03,2802,wiejska,9176,54.16498,20.18842
2802004,warmińsko powiat 02 gmina 04,2802,wiejska,900,54.14419,20.07856
2802005,warmińsko powiat 02 gmina 05,2802,wiejska,19652,54.03693,20.01966
2802006,warmińsko powiat 02 gmina 06,2802,wiejska,4026,54.40802,20.26145
2803001,warmińsko powiat 03 gmina 01,2803,wiejska,29841,53.99833,20.79511
2803002,warmińsko powiat 03 gmina 02,2803,miejska,13866,54.32548,20.78348
2803003,warmińsko powiat 03 gmina 03,2803,wiejska,17679,54.16777,20.60088
2803004,warmińsko powiat 03 gmina 04,2803,miejsko-wiejska,10405,54.27624,20.57865
2803005,warmińsko powiat 03 gmina 05,2803,miejsko-wiejska,5264,54.22976,20.91816
2803006,warmińsko powiat 03 gmina 06,2803,wiejska,900,54.1464,20.91501
2804001,warmińsko powiat 04 gmina 01,2804,miejsko-wiejska,5215,54.08441,20.55007
2804002,warmińsko powiat 04 gmina 02,2804,miejska,13603,54.40501,20.38738
2804003,warmińsko powiat 04 gmina 03,2804,wiejska,4057,54.1965,20.40232
2804004,warmińsko powiat 04 gmina 04,2804,wiejska,12399,54.39366,20.59991
2804005,warmińsko powiat 04 gmina 05,2804,wiejska,6633,54.39424,20.47081
2804006,warmińsko powiat 04 gmina 06,2804,wiejska,10520,54.39301,20.52575
2805001,warmińsko powiat 05 gmina 01,2805,miejsko-wiejska,4620,54.32823,20.48367
2805002,warmińsko powiat 05 gmina 02,2805,miejska,4022,54.31916,20.61779
2805003,warmińsko powiat 05 gmina 03,2805,wiejska,5713,54.32919,20.54618
2805004,warmińsko powiat 05 gmina 04,2805,miejsko-wiejska,3963,54.34873,20.48148
2805005,warmińsko powiat 05 gmina 05,2805,miejska,5529,54.48737,20.69515
2805006,warmińsko powiat 05 gmina 06,2805,wiejska,4900,54.63283,20.4434
2806001,warmińsko powiat 06 gmina 01,2806,wiejska,2901,53.7807,20.90277
2806002,warmińsko powiat 06 gmina 02,2806,miejsko-wiejska,15346,54.02548,20.9924
2806003,warmińsko powiat 06 gmina 03,2806,wiejska,5993,53.78836,20.92142
2806004,warmińsko powiat 06 gmina 04,2806,wiejska,14128,54.04391,20.94836
2806005,warmińsko powiat 06 gmina 05,2806,miejska,4450,54.04584,20.89425
2806006,warmińsko powiat 06 gmina 06,2806,wiejska,6948,53.78284,21.0558
2807001,warmińsko powiat 07 gmina 01,2807,miejsko-wiejska,5849,53.71188,20.12976
2807002,warmińsko powiat 07 gmina 02,2807,miejsko-wiejska,9304,53.66615,20.10216
2807003,warmińsko powiat 07 gmina 03,2807,wiejska,3924,53.78525,20.17042
2807004,warmińsko powiat 07 gmina 04,2807,miejsko-wiejska,10663,53.48389,20.21025
2807005,warmińsko powiat 07 gmina 05,2807,wiejska,7120,53.65691,20.29691
2807006,warmińsko powiat 07 gmina 06,2807,wiejska,11694,53.69708,20.02033
2808001,warmińsko powiat 08 gmina 01,2808,wiejska,4458,53.14151,20.40018
2808002,warmińsko powiat 08 gmina 02,2808,miejsko-wiejska,11367,52.89528,20.6264
2808003,warmińsko powiat 08 gmina 03,2808,miejska,11671,53.09516,20.29502
2808004,warmińsko powiat 08 gmina 04,2808,wiejska,2150,53.03939,20.31397
2808005,warmińsko powiat 08 gmina 05,2808,miejska,7863,53.10451,20.41689
2808006,warmińsko powiat 08 gmina 06,2808,wiejska,1059,53.21798,20.29444
2809001,warmińsko powiat 09 gmina 01,2809,wiejska,15022,54.11937,19.95099
2809002,warmińsko powiat 09 gmina 02,2809,wiejska,24450,54.43093,19.75759
2809003,warmińsko powiat 09 gmina 03,2809,wiejska,11682,54.49117,19.62804
2809004,warmińsko powiat 09 gmina 04,2809,miejska,9628,54.05596,19.89087
2809005,warmińsko powiat 09 gmina 05,2809,wiejska,17240,54.09856,19.71509
2809006,warmińsko powiat 09 gmina 06,2809,wiejska,5925,54.08043,19.6788
2810001,warmińsko powiat 10 gmina 01,2810,miejsko-wiejska,900,54.52373,20.79353
2810002,warmińsko powiat 10 gmina 02,2810,wiejska,4052,54.39112,20.81071
2810003,warmińsko powiat 10 gmina 03,2810,wiejska,8007,54.28158,20.71254
2810004,warmińsko powiat 10 gmina 04,2810,wiejska,1322,54.16648,20.75894
2810005,warmińsko powiat 10 gmina 05,2810,wiejska,9784,54.30085,20.56023
2810006,warmińsko powiat 10 gmina 06,2810,wiejska,4883,54.38513,20.60473
2811001,warmińsko powiat 11 gmina 01,2811,wiejska,15540,54.04336,21.03735
2811002,warmińsko powiat 11 gmina 02,2811,wiejska,10577,54.24438,20.85877
2811003,warmińsko powiat 11 gmina 03,2811,wiejska,21162,54.27998,21.24694
2811004,warmińsko powiat 11 gmina 04,2811,wiejska,12705,54.41976,21.0598
2811005,warmińsko powiat 11 gmina 05,2811,wiejska,13553,54.11797,21.28589
2811006,warmińsko powiat 11 gmina 06,2811,wiejska,4344,54.14962,21.16466
2812001,warmińsko powiat 12 gmina 01,2812,wiejska,7184,54.05074,20.77646
2812002,warmińsko powiat 12 gmina 02,2812,wiejska,3831,54.3378,20.83401
2812003,warmińsko powiat 12 gmina 03,2812,wiejska,13810,54.35867,20.62115
2812004,warmińsko powiat 12 gmina 04,2812,wiejska,4623,54.18879,20.69543
2812005,warmińsko powiat 12 gmina 05,2812,miejsko-wiejska,5575,54.27658,20.89592
2813001,warmińsko powiat 13 gmina 01,2813,wiejska,12496,53.0438,20.08564
2813002,warmińsko powiat 13 gmina 02,2813,miejska,15837,53.1729,19.84301
2813003,warmińsko powiat 13 gmina 03,2813,miejsko-wiejska,9521,52.94369,19.71209
2813004,warmińsko powiat 13 gmina 04,2813,miejsko-wiejska,17615,53.11083,19.99971
2813005,warmińsko powiat 13 gmina 05,2813,miejska,1522,53.00532,20.06126
2814001,warmińsko powiat 14 gmina 01,2814,wiejska,13190,53.71625,20.91413
2814002,warmińsko powiat 14 gmina 02,2814,miejska,9987,53.37393,20.95416
2814003,warmińsko powiat 14 gmina 03,2814,miejsko-wiejska,11046,53.65943,20.84844
2814004,warmińsko powiat 14 gmina 04,2814,miejsko-wiejska,5789,53.631,20.74773
2814005,warmińsko powiat 14 gmina 05,2814,wiejska,4231,53.57602,20.66945
2815001,warmińsko powiat 15 gmina 01,2815,miejsko-wiejska,11375,53.55356,20.24055
2815002,warmińsko powiat 15 gmina 02,2815,wiejska,3874,53.82086,20.25384
2815003,warmińsko powiat 15 gmina 03,2815,miejsko-wiejska,3569,53.5546,20.52563
2815004,warmińsko powiat 15 gmina 04,2815,wiejska,12843,53.62325,20.34876
2815005,warmińsko powiat 15 gmina 05,2815,wiejska,11182,53.78623,20.57006
2816001,warmińsko powiat 16 gmina 01,2816,wiejska,4157,53.26484,20.43564
2816002,warmińsko powiat 16 gmina 02,2816,miejska,9761,53.31865,20.31521
2816003,warmińsko powiat 16 gmina 03,2816,wiejska,10864,53.07607,20.25749
2816004,warmińsko powiat 16 gmina 04,2816,miejska,9869,53.39077,20.2006
2816005,warmińsko powiat 16 gmina 05,2816,wiejska,10979,53.14797,20.33404
2817001,warmińsko powiat 17 gmina 01,2817,wiejska,30949,54.11103,20.80455
2817002,warmińsko powiat 17 gmina 02,2817,miejsko-wiejska,21968,53.73513,21.07739
2817003,warmińsko powiat 17 gmina 03,2817,wiejska,17588,54.08064,21.10394
2817004,warmińsko powiat 17 gmina 04,2817,wiejska,19670,53.88089,20.71887
2817005,warmińsko powiat 17 gmina 05,2817,miejska,18591,54.10888,20.80968
2818001,warmińsko powiat 18 gmina 01,2818,wiejska,8719,53.05601,19.76665
2818002,warmińsko powiat 18 gmina 02,2818,miejsko-wiejska,5774,53.14799,19.97476
2818003,warmińsko powiat 18 gmina 03,2818,wiejska,19243,53.19914,20.0383
2818004,warmińsko powiat 18 gmina 04,2818,miejsko-wiejska,13782,53.30517,19.96122
2818005,warmińsko powiat 18 gmina 05,2818,miejsko-wiejska,2919,52.92283,20.08352
2819001,warmińsko powiat 19 gmina 01,2819,miejsko-wiejska,3845,53.82871,21.11224
2819002,warmińsko powiat 19 gmina 02,2819,miejska,1115,53.91227,20.88798
2819003,warmińsko powiat 19 gmina 03,2819,miejsko-wiejska,6890,53.98312,21.00311
2819004,warmińsko powiat 19 gmina 04,2819,miejska,8311,54.22069,20.87905
2819005,warmińsko powiat 19 gmina 05,2819,wiejska,900,54.02829,21.24814
2820001,warmińsko powiat 20 gmina 01,2820,miejska,12685,53.63313,20.62731
2820002,warmińsko powiat 20 gmina 02,2820,miejska,1222,53.49752,20.57202
2820003,warmińsko powiat 20 gmina 03,2820,miejsko-wiejska,8647,53.50114,20.77895
2820004,warmińsko powiat 20 gmina 04,2820,wiejska,14949,53.50051,20.4097
2820005,warmińsko powiat 20 gmina 05,2820,wiejska,20872,53.56743,20.48415
2821001,warmińsko powiat 21 gmina 01,2821,miejska,4015,54.10606,20.53405
2821002,warmińsko powiat 21 gmina 02,2821,miejska,15231,54.17284,20.45559
2821003,warmińsko powiat 21 gmina 03,2821,wiejska,15299,53.87536,20.25189
2821004,warmińsko powiat 21 gmina 04,2821,wiejska,8534,53.96359,20.2267
2821005,warmińsko powiat 21 gmina 05,2821,wiejska,12593,53.88991,20.20813
3001001,wielkopolskie powiat 01 gmina 01,3001,wiejska,10771,53.06117,16.74307
3001002,wielkopolskie powiat 01 gmina 02,3001,miejsko-wiejska,6288,53.15718,16.8338
3001003,wielkopolskie powiat 01 gmina 03,3001,wiejska,7164,52.97218,16.70717
3001004,wielkopolskie powiat 01 gmina 04,3001,miejsko-wiejska,15086,53.06492,16.44333
3001005,wielkopolskie powiat 01 gmina 05,3001,wiejska,8678,53.15382,16.69319
3001006,wielkopolskie powiat 01 gmina 06,3001,wiejska,10366,53.27281,16.52101
3001007,wielkopolskie powiat 01 gmina 07,3001,miejsko-wiejska,15996,52.93614,16.58342
3002001,wielkopolskie powiat 02 gmina 01,3002,wiejska,46132,52.74884,17.4846
3002002,wielkopolskie powiat 02 gmina 02,3002,miejska,18414,52.49183,17.41816
3002003,wielkopolskie powiat 02 gmina 03,3002,wiejska,32046,52.80553,17.23582
3002004,wielkopolskie powiat 02 gmina 04,3002,miejsko-wiejska,17774,52.70986,17.4166
3002005,wielkopolskie powiat 02 gmina 05,3002,wiejska,22855,52.53209,17.27979
3002006,wielkopolskie powiat 02 gmina 06,3002,wiejska,18889,52.46456,17.33291
3002007,wielkopolskie powiat 02 gmina 07,3002,miejsko-wiejska,22708,52.70942,17.59163
3003001,wielkopolskie powiat 03 gmina 01,3003,wiejska,11359,52.8638,17.1013
3003002,wielkopolskie powiat 03 gmina 02,3003,wiejska,5188,52.82939,16.93578
3003003,wielkopolskie powiat 03 gmina 03,3003,miejska,16050,52.78538,17.06837
3003004,wielkopolskie powiat 03 gmina 04,3003,miejsko-wiejska,15152,52.78189,17.0431
3003005,wielkopolskie powiat 03 gmina 05,3003,wiejska,3973,52.87723,16.94873
3003006,wielkopolskie powiat 03 gmina 06,3003,wiejska,7833,52.53604,16.91256
3003007,wielkopolskie powiat 03 gmina 07,3003,miejska,15960,52.87137,16.80281
3004001,wielkopolskie powiat 04 gmina 01,3004,wiejska,900,52.01794,16.33556
3004002,wielkopolskie powiat 04 gmina 02,3004,wiejska,4524,52.12881,16.39921
3004003,wielkopolskie powiat 04 gmina 03,3004,wiejska,16724,52.32457,16.5821
3004004,wielkopolskie powiat 04 gmina 04,3004,wiejska,9776,52.03499,16.4757
3004005,wielkopolskie powiat 04 gmina 05,3004,wiejska,13800,52.1839,16.41915
3004006,wielkopolskie powiat 04 gmina 06,3004,miejsko-wiejska,10524,52.40529,16.43688
3004007,wielkopolskie powiat 04 gmina 07,3004,wiejska,12121,52.39339,16.34723
3005001,wielkopolskie powiat 05 gmina 01,3005,miejska,15366,52.99607,16.71279
3005002,wielkopolskie powiat 05 gmina 02,3005,wiejska,7828,53.24028,16.74059
3005003,wielkopolskie powiat 05 gmina 03,3005,miejska,16481,52.92254,16.95651
3005004,wielkopolskie powiat 05 gmina 04,3005,wiejska,16257,53.15905,17.06326
3005005,wielkopolskie powiat 05 gmina 05,3005,miejska,13212,52.87636,17.00025
3005006,wielkopolskie powiat 05 gmina 06,3005,miejsko-wiejska,8210,52.97118,16.9831
3005007,wielkopolskie powiat 05 gmina 07,3005,wiejska,12660,53.01337,17.00067
3006001,wielkopolskie powiat 06 gmina 01,3006,wiejska,20186,52.89832,16.33177
3006002,wielkopolskie powiat 06 gmina 02,3006,miejsko-wiejska,4714,52.84639,16.27031
3006003,wielkopolskie powiat 06 gmina 03,3006,wiejska,24112,53.08842,16.16986
3006004,wielkopolskie powiat 06 gmina 04,3006,wiejska,10517,53.04983,16.2543
3006005,wielkopolskie powiat 06 gmina 05,3006,miejska,7854,53.13138,16.38055
3006006,wielkopolskie powiat 06 gmina 06,3006,miejsko-wiejska,30356,52.72267,16.51625
3006007,wielkopolskie powiat 06 gmina 07,3006,miejsko-wiejska,19133,53.05858,16.33166
3007001,wielkopolskie powiat 07 gmina 01,3007,wiejska,23175,52.91268,17.53657
3007002,wielkopolskie powiat 07 gmina 02,3007,wiejska,38718,52.70342,17.60027
3007003,wielkopolskie powiat 07 gmina 03,3007,miejska,25821,53.12812,17.31524
3007004,wielkopolskie powiat 07 gmina 04,3007,wiejska,15616,52.91062,17.53347
3007005,wielkopolskie powiat 07 gmina 05,3007,miejsko-wiejska,15192,52.87304,17.60326
3007006,wielkopolskie powiat 07 gmina 06,3007,wiejska,18064,52.8969,17.51148
3007007,wielkopolskie powiat 07 gmina 07,3007,wiejska,18984,52.80752,17.64856
3008001,wielkopolskie powiat 08 gmina 01,3008,wiejska,22015,51.97073,16.67954
3008002,wielkopolskie powiat 08 gmina 02,3008,wiejska,13352,51.96217,16.57106
3008003,wielkopolskie powiat 08 gmina 03,3008,wiejska,900,51.7922,16.67515
3008004,wielkopolskie powiat 08 gmina 04,3008,wiejska,6492,52.03541,16.80775
3008005,wielkopolskie powiat 08 gmina 05,3008,miejska,18280,51.88348,16.88406
3008006,wielkopolskie powiat 08 gmina 06,3008,wiejska,11137,51.86952,16.86192
3008007,wielkopolskie powiat 08 gmina 07,3008,wiejska,12863,51.74749,16.64651
3009001,wielkopolskie powiat 09 gmina 01,3009,miejsko-wiejska,4100,52.71928,17.2971
3009002,wielkopolskie powiat 09 gmina 02,3009,miejsko-wiejska,9536,53.02338,17.50779
3009003,wielkopolskie powiat 09 gmina 03,3009,wiejska,900,52.69025,17.165
3009004,wielkopolskie powiat 09 gmina 04,3009,miejska,8413,53.01028,17.16747
3009005,wielkopolskie powiat 09 gmina 05,3009,miejsko-wiejska,27493,52.87324,17.41547
3009006,wielkopolskie powiat 09 gmina 06,3009,wiejska,28673,53.08761,17.50972
3009007,wielkopolskie powiat 09 gmina 07,3009,wiejska,29392,52.86044,17.3569
3010001,wielkopolskie powiat 10 gmina 01,3010,wiejska,21191,52.44797,17.22999
3010002,wielkopolskie powiat 10 gmina 02,3010,wiejska,6998,52.49011,16.98964
3010003,wielkopolskie powiat 10 gmina 03,3010,miejsko-wiejska,17251,52.23259,17.16763
3010004,wielkopolskie powiat 10 gmina 04,3010,miejska,16108,52.17998,17.17967
3010005,wielkopolskie powiat 10 gmina 05,3010,miejska,21901,52.45588,17.38185
3010006,wielkopolskie powiat 10 gmina 06,3010,wiejska,7612,52.44675,17.2309
3010007,wielkopolskie powiat 10 gmina 07,3010,wiejska,6200,52.24567,17.19355
3011001,wielkopolskie powiat 11 gmina 01,3011,wiejska,8433,52.5184,16.42523
3011002,wielkopolskie powiat 11 gmina 02,3011,miejsko-wiejska,23217,52.49751,16.63771
3011003,wielkopolskie powiat 11 gmina 03,3011,wiejska,16233,52.29044,16.52462
3011004,wielkopolskie powiat 11 gmina 04,3011,miejsko-wiejska,18382,52.46085,16.70583
3011005,wielkopolskie powiat 11 gmina 05,3011,wiejska,11385,52.1954,16.61101
3011006,wielkopolskie powiat 11 gmina 06,3011,wiejska,11706,52.22801,16.43475
3011007,wielkopolskie powiat 11 gmina 07,3011,wiejska,35850,52.29582,16.77214
3012001,wielkopolskie powiat 12 gmina 01,3012,wiejska,1195,52.23213,17.57493
3012002,wielkopolskie powiat 12 gmina 02,3012,miejsko-wiejska,8859,51.96264,17.25915
3012003,wielkopolskie powiat 12 gmina 03,3012,wiejska,7610,52.29772,17.59048
3012004,wielkopolskie powiat 12 gmina 04,3012,miejsko-wiejska,12245,52.25216,17.17107
3012005,wielkopolskie powiat 12 gmina 05,3012,wiejska,9381,52.31499,17.41945
3012006,wielkopolskie powiat 12 gmina 06,3012,wiejska,15042,52.12979,17.5338
3012007,wielkopolskie powiat 12 gmina 07,3012,wiejska,13942,52.27229,17.36368
3013001,wielkopolskie powiat 13 gmina 01,3013,miejsko-wiejska,26975,52.80481,16.88734
3013002,wielkopolskie powiat 13 gmina 02,3013,miejsko-wiejska,19860,52.84471,16.54175
3013003,wielkopolskie powiat 13 gmina 03,3013,wiejska,24156,53.00911,16.65089
3013004,wielkopolskie powiat 13 gmina 04,3013,wiejska,50576,52.91472,16.84886
3013005,wielkopolskie powiat 13 gmina 05,3013,wiejska,54281,52.82759,16.91384
3013006,wielkopolskie powiat 13 gmina 06,3013,wiejska,15974,52.82878,16.87719
3013007,wielkopolskie powiat 13 gmina 07,3013,wiejska,36730,53.0752,16.52264
3014001,wielkopolskie powiat 14 gmina 01,3014,wiejska,9726,52.02459,16.943
3014002,wielkopolskie powiat 14 gmina 02,3014,miejsko-wiejska,9105,51.97579,16.59464
3014003,wielkopolskie powiat 14 gmina 03,3014,miejsko-wiejska,5047,51.94643,16.91339
3014004,wielkopolskie powiat 14 gmina 04,3014,miejska,16082,52.23621,16.85777
3014005,wielkopolskie powiat 14 gmina 05,3014,wiejska,12501,51.95082,16.60638
3014006,wielkopolskie powiat 14 gmina 06,3014,wiejska,5407,51.97481,16.69534
3014007,wielkopolskie powiat 14 gmina 07,3014,wiejska,4682,52.14811,16.60724
3015001,wielkopolskie powiat 15 gmina 01,3015,wiejska,17692,52.98783,17.30907
3015002,wielkopolskie powiat 15 gmina 02,3015,miejska,6704,53.04294,17.39216
3015003,wielkopolskie powiat 15 gmina 03,3015,wiejska,9729,52.93524,17.56813
3015004,wielkopolskie powiat 15 gmina 04,3015,miejska,37823,53.02897,17.472
3015005,wielkopolskie powiat 15 gmina 05,3015,miejska,10628,53.09028,17.32086
3015006,wielkopolskie powiat 15 gmina 06,3015,miejsko-wiejska,2102,53.22622,17.39339
3015007,wielkopolskie powiat 15 gmina 07,3015,wiejska,12467,53.10104,17.36182
3016001,wielkopolskie powiat 16 gmina 01,3016,miejska,19539,52.78969,17.61082
3016002,wielkopolskie powiat 16 gmina 02,3016,wiejska,5974,52.73776,17.38149
3016003,wielkopolskie powiat 16 gmina 03,3016,wiejska,16335,52.57359,17.66782
3016004,wielkopolskie powiat 16 gmina 04,3016,miejsko-wiejska,9173,52.71857,17.41591
3016005,wielkopolskie powiat 16 gmina 05,3016,wiejska,18225,52.65007,17.33966
3016006,wielkopolskie powiat 16 gmina 06,3016,wiejska,7228,52.6733,17.68345
3016007,wielkopolskie powiat 16 gmina 07,3016,miejsko-wiejska,19843,52.40693,17.58416
3017001,wielkopolskie powiat 17 gmina 01,3017,miejsko-wiejska,18014,51.62999,17.53412
3017002,wielkopolskie powiat 17 gmina 02,3017,wiejska,4410,51.87845,17.45225
3017003,wielkopolskie powiat 17 gmina 03,3017,wiejska,21182,51.67759,17.29312
3017004,wielkopolskie powiat 17 gmina 04,3017,wiejska,11279,51.94285,17.62473
3017005,wielkopolskie powiat 17 gmina 05,3017,miejsko-wiejska,18618,51.68515,17.54671
3017006,wielkopolskie powiat 17 gmina 06,3017,wiejska,17148,52.00404,17.26915
3018001,wielkopolskie powiat 18 gmina 01,3018,wiejska,12364,52.05895,17.38222
3018002,wielkopolskie powiat 18 gmina 02,3018,miejska,21920,51.95441,17.43304
3018003,wielkopolskie powiat 18 gmina 03,3018,miejska,10680,52.19057,17.60148
3018004,wielkopolskie powiat 18 gmina 04,3018,wiejska,5909,51.88295,17.34567
3018005,wielkopolskie powiat 18 gmina 05,3018,miejska,15201,52.18104,17.49593
3018006,wielkopolskie powiat 18 gmina 06,3018,miejsko-wiejska,3338,51.9124,17.63694
3019001,wielkopolskie powiat 19 gmina 01,3019,wiejska,10475,52.17809,17.64132
3019002,wielkopolskie powiat 19 gmina 02,3019,wiejska,24762,52.10292,17.4954
3019003,wielkopolskie powiat 19 gmina 03,3019,wiejska,14227,52.20889,17.66348
3019004,wielkopolskie powiat 19 gmina 04,3019,wiejska,19030,52.51804,17.62166
3019005,wielkopolskie powiat 19 gmina 05,3019,wiejska,25591,52.49198,17.60943
3019006,wielkopolskie powiat 19 gmina 06,3019,wiejska,16358,52.26581,17.53882
3020001,wielkopolskie powiat 20 gmina 01,3020,miejsko-wiejska,13003,51.52406,16.13368
3020002,wielkopolskie powiat 20 gmina 02,3020,wiejska,24679,51.63913,16.28288
3020003,wielkopolskie powiat 20 gmina 03,3020,miejsko-wiejska,25435,51.62268,16.39135
3020004,wielkopolskie powiat 20 gmina 04,3020,wiejska,23607,51.85693,16.25061
3020005,wielkopolskie powiat 20 gmina 05,3020,wiejska,17165,51.5386,16.30634
3020006,wielkopolskie powiat 20 gmina 06,3020,wiejska,5043,51.57868,16.37275
3021001,wielkopolskie powiat 21 gmina 01,3021,miejska,9043,51.92711,17.59565
3021002,wielkopolskie powiat 21 gmina 02,3021,wiejska,22545,51.96895,17.44944
3021003,wielkopolskie powiat 21 gmina 03,3021,wiejska,9041,52.12229,17.79666
3021004,wielkopolskie powiat 21 gmina 04,3021,wiejska,23937,51.93168,17.75889
3021005,wielkopolskie powiat 21 gmina 05,3021,miejska,23028,52.16788,17.8838
3021006,wielkopolskie powiat 21 gmina 06,3021,miejska,20880,51.95537,17.78002
3022001,wielkopolskie powiat 22 gmina 01,3022,wiejska,17574,53.02435,17.00327
3022002,wielkopolskie powiat 22 gmina 02,3022,miejsko-wiejska,14685,52.8818,17.00526
3022003,wielkopolskie powiat 22 gmina 03,3022,wiejska,9150,52.90953,17.2597
3022004,wielkopolskie powiat 22 gmina 04,3022,miejsko-wiejska,19496,52.88677,17.0596
3022005,wielkopolskie powiat 22 gmina 05,3022,wiejska,6274,52.9929,17.16003
3022006,wielkopolskie powiat 22 gmina 06,3022,wiejska,24353,52.75743,17.16037
3023001,wielkopolskie powiat 23 gmina 01,3023,wiejska,17891,51.91296,16.69989
3023002,wielkopolskie powiat 23 gmina 02,3023,wiejska,29678,52.05473,16.79344
3023003,wielkopolskie powiat 23 gmina 03,3023,wiejska,18688,52.01785,16.44507
3023004,wielkopolskie powiat 23 gmina 04,3023,miejska,16688,51.82597,16.45167
3023005,wielkopolskie powiat 23 gmina 05,3023,wiejska,13495,52.07267,16.52273
3023006,wielkopolskie powiat 23 gmina 06,3023,wiejska,5748,51.78846,16.41241
3024001,wielkopolskie powiat 24 gmina 01,3024,wiejska,8439,52.56354,16.7823
3024002,wielkopolskie powiat 24 gmina 02,3024,miejsko-wiejska,13614,52.90297,16.74892
3024003,wielkopolskie powiat 24 gmina 03,3024,wiejska,4354,52.87666,16.88527
3024004,wielkopolskie powiat 24 gmina 04,3024,wiejska,4374,52.60679,16.86615
3024005,wielkopolskie powiat 24 gmina 05,3024,wiejska,6872,52.52879,16.69517
3024006,wielkopolskie powiat 24 gmina 06,3024,wiejska,10876,52.53972,16.97873
3025001,wielkopolskie powiat 25 gmina 01,3025,miejsko-wiejska,10606,51.8923,16.48436
3025002,wielkopolskie powiat 25 gmina 02,3025,wiejska,12987,51.91045,16.72248
3025003,wielkopolskie powiat 25 gmina 03,3025,miejsko-wiejska,21939,51.76354,16.41305
3025004,wielkopolskie powiat 25 gmina 04,3025,miejska,17179,51.90872,16.40355
3025005,wielkopolskie powiat 25 gmina 05,3025,miejsko-wiejska,29047,51.94007,16.48136
3025006,wielkopolskie powiat 25 gmina 06,3025,wiejska,21418,51.7487,16.63162
3026001,wielkopolskie powiat 26 gmina 01,3026,wiejska,5195,52.44823,16.17359
3026002,wielkopolskie powiat 26 gmina 02,3026,wiejska,12400,52.43683,16.25916
3026003,wielkopolskie powiat 26 gmina 03,3026,miejsko-wiejska,20816,52.46156,16.51063
3026004,wielkopolskie powiat 26 gmina 04,3026,miejsko-wiejska,5402,52.59485,16.43497
3026005,wielkopolskie powiat 26 gmina 05,3026,miejsko-wiejska,6244,52.47467,16.33762
3026006,wielkopolskie powiat 26 gmina 06,3026,miejska,2790,52.41964,16.27518
3027001,wielkopolskie powiat 27 gmina 01,3027,wiejska,6145,52.04903,16.23189
3027002,wielkopolskie powiat 27 gmina 02,3027,miejsko-wiejska,3893,52.13444,16.4659
3027003,wielkopolskie powiat 27 gmina 03,3027,wiejska,10585,52.05641,16.10558
3027004,wielkopolskie powiat 27 gmina 04,3027,wiejska,6773,52.11957,16.02929
3027005,wielkopolskie powiat 27 gmina 05,3027,wiejska,11062,51.92954,16.18912
3027006,wielkopolskie powiat 27 gmina 06,3027,wiejska,4048,51.90288,16.1478
3028001,wielkopolskie powiat 28 gmina 01,3028,wiejska,900,51.62201,17.61894
3028002,wielkopolskie powiat 28 gmina 02,3028,miejsko-wiejska,900,51.96495,17.69272
3028003,wielkopolskie powiat 28 gmina 03,3028,wiejska,900,52.04147,17.59111
3028004,wielkopolskie powiat 28 gmina 04,3028,miejska,22231,51.93295,17.66819
3028005,wielkopolskie powiat 28 gmina 05,3028,miejska,16666,51.61538,17.7064
3028006,wielkopolskie powiat 28 gmina 06,3028,miejsko-wiejska,900,51.66062,17.49753
3029001,wielkopolskie powiat 29 gmina 01,3029,miejska,23043,51.48571,17.00875
3029002,wielkopolskie powiat 29 gmina 02,3029,wiejska,20478,51.89375,16.8137
3029003,wielkopolskie powiat 29 gmina 03,3029,miejsko-wiejska,9054,51.46839,17.09666
3029004,wielkopolskie powiat 29 gmina 04,3029,miejsko-wiejska,26502,51.85957,16.98647
3029005,wielkopolskie powiat 29 gmina 05,3029,wiejska,20973,51.68824,17.1421
3029006,wielkopolskie powiat 29 gmina 06,3029,wiejska,3753,51.48963,17.09128
3030001,wielkopolskie powiat 30 gmina 01,3030,wiejska,15998,52.67935,16.353
3030002,wielkopolskie powiat 30 gmina 02,3030,wiejska,23593,52.58101,16.39216
3030003,wielkopolskie powiat 30 gmina 03,3030,wiejska,11679,52.72727,16.31747
3030004,wielkopolskie powiat 30 gmina 04,3030,wiejska,24390,52.60861,16.62242
3030005,wielkopolskie powiat 30 gmina 05,3030,miejska,16239,52.56233,16.36721
3030006,wielkopolskie powiat 30 gmina 06,3030,miejsko-wiejska,10732,52.61872,16.74099
3031001,wielkopolskie powiat 31 gmina 01,3031,wiejska,29296,52.78,16.17933
3031002,wielkopolskie powiat 31 gmina 02,3031,wiejska,23504,52.54152,16.45204
3031003,wielkopolskie powiat 31 gmina 03,3031,wiejska,18217,52.82961,16.1677
3031004,wielkopolskie powiat 31 gmina 04,3031,miejska,18431,52.74356,16.16194
3031005,wielkopolskie powiat 31 gmina 05,3031,wiejska,20494,52.5718,16.18304
3031006,wielkopolskie powiat 31 gmina 06,3031,wiejska,12201,52.56273,16.39055
3032001,wielkopolskie powiat 32 gmina 01,3032,wiejska,8378,52.41294,17.69233
3032002,wielkopolskie powiat 32 gmina 02,3032,miejska,7048,52.47504,17.80366
3032003,wielkopolskie powiat 32 gmina 03,3032,wiejska,17086,52.56467,17.6074
3032004,wielkopolskie powiat 32 gmina 04,3032,miejsko-wiejska,26288,52.35004,17.7945
3032005,wielkopolskie powiat 32 gmina 05,3032,wiejska,20956,52.28867,17.74555
3032006,wielkopolskie powiat 32 gmina 06,3032,wiejska,1265,52.23732,17.778
3033001,wielkopolskie powiat 33 gmina 01,3033,miejska,3991,52.22786,16.67424
3033002,wielkopolskie powiat 33 gmina 02,3033,wiejska,3439,52.0836,16.9186
3033003,wielkopolskie powiat 33 gmina 03,3033,miejska,3773,52.18836,16.91929
3033004,wielkopolskie powiat 33 gmina 04,3033,wiejska,1084,52.40458,16.66388
3033005,wielkopolskie powiat 33 gmina 05,3033,miejska,7154,52.16935,16.94547
3033006,wielkopolskie powiat 33 gmina 06,3033,miejska,3716,52.22749,16.74231
3034001,wielkopolskie powiat 34 gmina 01,3034,wiejska,1691,51.81682,17.33882
3034002,wielkopolskie powiat 34 gmina 02,3034,wiejska,4543,51.82776,17.24911
3034003,wielkopolskie powiat 34 gmina 03,3034,wiejska,8009,51.60943,17.43654
3034004,wielkopolskie powiat 34 gmina 04,3034,wiejska,2878,51.79656,17.53436
3034005,wielkopolskie powiat 34 gmina 05,3034,miejsko-wiejska,3262,51.64599,17.47857
3034006,wielkopolskie powiat 34 gmina 06,3034,miejsko-wiejska,3984,51.68613,17.54382
3035001,wielkopolskie powiat 35 gmina 01,3035,wiejska,30124,52.96051,17.31244
3035002,wielkopolskie powiat 35 gmina 02,3035,miejsko-wiejska,12793,52.59296,17.04417
3035003,wielkopolskie powiat 35 gmina 03,3035,miejsko-wiejska,18533,52.96275,17.03367
3035004,wielkopolskie powiat 35 gmina 04,3035,miejska,5953,52.60856,16.89796
3035005,wielkopolskie powiat 35 gmina 05,3035,miejska,15899,52.92431,17.03015
3035006,wielkopolskie powiat 35 gmina 06,3035,wiejska,21398,52.57548,17.00527
3201001,Gryfino,3201,wiejska,3173,52.86944,14.57655
3201002,gryfiński gmina 02,3201,miejsko-wiejska,7770,52.82719,14.70928
3201003,gryfiński gmina 03,3201,wiejska,5137,52.81911,14.76761
3201004,gryfiński gmina 04,3201,miejska,3716,52.58154,14.73756
3201005,gryfiński gmina 05,3201,miejsko-wiejska,4649,52.86523,14.79695
3201006,gryfiński gmina 06,3201,wiejska,1968,52.69829,14.43335
3201007,gryfiński gmina 07,3201,wiejska,1136,52.85079,14.65985
3202001,Szczecin gmina 01,3202,miejsko-wiejska,2037,52.88355,14.90104
3202002,Szczecin gmina 02,3202,miejsko-wiejska,4417,52.98978,15.08225
3202003,Szczecin gmina 03,3202,wiejska,4099,52.80384,14.84445
3202004,Szczecin gmina 04,3202,wiejska,4791,52.87055,15.03929
3202005,Szczecin gmina 05,3202,miejsko-wiejska,8566,53.08249,14.76683
3202006,Szczecin gmina 06,3202,wiejska,7285,52.90669,14.82347
3203001,zachodniopomorskie powiat 03 gmina 01,3203,miejska,5656,53.71211,13.97932
3203002,zachodniopomorskie powiat 03 gmina 02,3203,miejska,8797,54.05524,14.03101
3203003,zachodniopomorskie powiat 03 gmina 03,3203,wiejska,21909,53.84471,13.87751
3203004,zachodniopomorskie powiat 03 gmina 04,3203,miejsko-wiejska,11039,54.09812,13.8542
3203005,zachodniopomorskie powiat 03 gmina 05,3203,miejsko-wiejska,18471,53.95476,13.94305
3203006,zachodniopomorskie powiat 03 gmina 06,3203,wiejska,8186,53.87387,13.84149
3204001,zachodniopomorskie powiat 04 gmina 01,3204,miejsko-wiejska,22974,53.30556,14.36858
3204002,zachodniopomorskie powiat 04 gmina 02,3204,wiejska,18562,53.37897,14.19169
3204003,zachodniopomorskie powiat 04 gmina 03,3204,wiejska,20246,53.55606,14.28263
3204004,zachodniopomorskie powiat 04 gmina 04,3204,wiejska,20585,53.50267,14.34312
3204005,zachodniopomorskie powiat 04 gmina 05,3204,wiejska,16190,53.1985,14.23839
3204006,zachodniopomorskie powiat 04 gmina 06,3204,wiejska,10552,53.53625,14.32497
3205001,zachodniopomorskie powiat 05 gmina 01,3205,miejska,17435,54.21899,14.59469
3205002,zachodniopomorskie powiat 05 gmina 02,3205,wiejska,5961,54.01559,14.36359
3205003,zachodniopomorskie powiat 05 gmina 03,3205,wiejska,5019,54.01575,14.37199
3205004,zachodniopomorskie powiat 05 gmina 04,3205,miejska,10828,53.96796,14.39286
3205005,zachodniopomorskie powiat 05 gmina 05,3205,miejsko-wiejska,2250,54.04824,14.47675
3205006,zachodniopomorskie powiat 05 gmina 06,3205,miejsko-wiejska,18235,54.16172,14.46328
3206001,zachodniopomorskie powiat 06 gmina 01,3206,miejska,2140,53.50342,14.16447
3206002,zachodniopomorskie powiat 06 gmina 02,3206,miejsko-wiejska,2540,53.43708,14.02734
3206003,zachodniopomorskie powiat 06 gmina 03,3206,miejska,945,53.44109,14.39409
3206004,zachodniopomorskie powiat 06 gmina 04,3206,wiejska,28081,53.68112,14.29245
3206005,zachodniopomorskie powiat 06 gmina 05,3206,miejsko-wiejska,13955,53.38607,14.25004
3206006,zachodniopomorskie powiat 06 gmina 06,3206,miejska,13516,53.64127,14.15348
3207001,zachodniopomorskie powiat 07 gmina 01,3207,miejsko-wiejska,12718,53.76317,15.10768
3207002,zachodniopomorskie powiat 07 gmina 02,3207,wiejska,900,53.73701,15.23304
3207003,zachodniopomorskie powiat 07 gmina 03,3207,miejsko-wiejska,10426,53.82202,15.21012
3207004,zachodniopomorskie powiat 07 gmina 04,3207,wiejska,15554,53.75158,15.17693
3207005,zachodniopomorskie powiat 07 gmina 05,3207,miejska,4718,53.74974,15.06066
3207006,zachodniopomorskie powiat 07 gmina 06,3207,wiejska,900,53.81206,14.9386
3208001,zachodniopomorskie powiat 08 gmina 01,3208,miejska,1195,52.7852,14.23221
3208002,zachodniopomorskie powiat 08 gmina 02,3208,wiejska,12391,52.78804,14.16287
3208003,zachodniopomorskie powiat 08 gmina 03,3208,wiejska,900,52.90389,14.41413
3208004,zachodniopomorskie powiat 08 gmina 04,3208,miejska,11860,52.81639,14.54397
3208005,zachodniopomorskie powiat 08 gmina 05,3208,wiejska,24272,52.84074,14.33809
3209001,zachodniopomorskie powiat 09 gmina 01,3209,wiejska,7258,53.13115,15.35039
3209002,zachodniopomorskie powiat 09 gmina 02,3209,wiejska,8386,53.41348,15.46919
3209003,zachodniopomorskie powiat 09 gmina 03,3209,wiejska,11365,53.28545,15.19532
3209004,zachodniopomorskie powiat 09 gmina 04,3209,wiejska,6909,53.16687,15.18214
3209005,zachodniopomorskie powiat 09 gmina 05,3209,miejska,4600,53.05148,15.31833
3210001,zachodniopomorskie powiat 10 gmina 01,3210,miejsko-wiejska,6508,53.64295,14.97957
3210002,zachodniopomorskie powiat 10 gmina 02,3210,wiejska,5530,53.44962,15.1852
3210003,zachodniopomorskie powiat 10 gmina 03,3210,miejska,3705,53.47192,15.34312
3210004,zachodniopomorskie powiat 10 gmina 04,3210,wiejska,4992,53.30084,15.40581
3210005,zachodniopomorskie powiat 10 gmina 05,3210,wiejska,5690,53.5469,15.29243
3211001,zachodniopomorskie powiat 11 gmina 01,3211,wiejska,6250,52.75664,14.81704
3211002,zachodniopomorskie powiat 11 gmina 02,3211,miejsko-wiejska,7496,52.73669,14.53296
3211003,zachodniopomorskie powiat 11 gmina 03,3211,wiejska,4623,52.9994,14.82165
3211004,zachodniopomorskie powiat 11 gmina 04,3211,wiejska,9310,52.95487,14.70421
3211005,zachodniopomorskie powiat 11 gmina 05,3211,miejsko-wiejska,12951,52.94039,14.68424
3212001,zachodniopomorskie powiat 12 gmina 01,3212,wiejska,24047,53.51108,14.2116
3212002,zachodniopomorskie powiat 12 gmina 02,3212,wiejska,1637,53.35251,14.46382
3212003,zachodniopomorskie powiat 12 gmina 03,3212,wiejska,900,53.45724,14.34464
3212004,zachodniopomorskie powiat 12 gmina 04,3212,miejsko-wiejska,3903,53.33768,14.33738
3212005,zachodniopomorskie powiat 12 gmina 05,3212,wiejska,7480,53.69273,14.20763
3213001,zachodniopomorskie powiat 13 gmina 01,3213,miejska,4917,53.61292,14.42961
3213002,zachodniopomorskie powiat 13 gmina 02,3213,wiejska,24549,53.75118,14.50978
3213003,zachodniopomorskie powiat 13 gmina 03,3213,miejska,2763,53.74234,14.59611
3213004,zachodniopomorskie powiat 13 gmina 04,3213,miejsko-wiejska,27028,53.43952,14.63431
3213005,zachodniopomorskie powiat 13 gmina 05,3213,miejsko-wiejska,16943,53.50443,14.35088
3214001,zachodniopomorskie powiat 14 gmina 01,3214,miejsko-wiejska,23008,53.09364,13.91176
3214002,zachodniopomorskie powiat 14 gmina 02,3214,wiejska,22765,53.33639,14.07436
3214003,zachodniopomorskie powiat 14 gmina 03,3214,miejska,21385,53.13157,14.0512
3214004,zachodniopomorskie powiat 14 gmina 04,3214,miejska,26315,53.18919,14.06982
3214005,zachodniopomorskie powiat 14 gmina 05,3214,miejsko-wiejska,16660,53.36733,14.08437
3215001,zachodniopomorskie powiat 15 gmina 01,3215,wiejska,8264,52.90129,15.23636
3215002,zachodniopomorskie powiat 15 gmina 02,3215,wiejska,6266,53.21203,15.33756
3215003,zachodniopomorskie powiat 15 gmina 03,3215,wiejska,7436,52.88077,15.2644
3215004,zachodniopomorskie powiat 15 gmina 04,3215,wiejska,13817,53.23215,15.3911
3215005,zachodniopomorskie powiat 15 gmina 05,3215,wiejska,6433,53.18564,15.27793
3216001,zachodniopomorskie powiat 16 gmina 01,3216,miejsko-wiejska,7703,52.63529,14.65457
3216002,zachodniopomorskie powiat 16 gmina 02,3216,miejska,3721,52.90263,14.58825
3216003,zachodniopomorskie powiat 16 gmina 03,3216,wiejska,8701,52.97277,14.88911
3216004,zachodniopomorskie powiat 16 gmina 04,3216,miejska,10543,52.6138,14.82157
3216005,zachodniopomorskie powiat 16 gmina 05,3216,wiejska,4078,52.67874,14.65347
3217001,zachodniopomorskie powiat 17 gmina 01,3217,wiejska,4906,54.08334,14.14341
3217002,zachodniopomorskie powiat 17 gmina 02,3217,wiejska,11516,54.22266,13.8621
3217003,zachodniopomorskie powiat 17 gmina 03,3217,wiejska,10939,53.98493,13.96014
3217004,zachodniopomorskie powiat 17 gmina 04,3217,wiejska,40265,53.95733,14.07588
3217005,zachodniopomorskie powiat 17 gmina 05,3217,wiejska,15184,54.08122,13.92672
3218001,zachodniopomorskie powiat 18 gmina 01,3218,wiejska,12427,53.7591,13.80406
3218002,zachodniopomorskie powiat 18 gmina 02,3218,wiejska,10966,53.64279,13.72813
3218003,zachodniopomorskie powiat 18 gmina 03,3218,miejsko-wiejska,13879,53.94777,13.963
3218004,zachodniopomorskie powiat 18 gmina 04,3218,miejska,14577,53.80904,13.90712
3218005,zachodniopomorskie powiat 18 gmina 05,3218,wiejska,23053,54.00562,13.77329
3219001,zachodniopomorskie powiat 19 gmina 01,3219,miejska,9283,53.41356,14.64718
3219002,zachodniopomorskie powiat 19 gmina 02,3219,miejsko-wiejska,13627,53.42752,14.43993
3219003,zachodniopomorskie powiat 19 gmina 03,3219,wiejska,11865,53.18342,14.56977
3219004,zachodniopomorskie powiat 19 gmina 04,3219,wiejska,28852,53.38006,14.71967
3219005,zachodniopomorskie powiat 19 gmina 05,3219,miejsko-wiejska,23187,53.23488,14.83526
3220001,zachodniopomorskie powiat 20 gmina 01,3220,wiejska,900,53.82165,15.23665
3220002,zachodniopomorskie powiat 20 gmina 02,3220,wiejska,9689,53.5662,15.29831
3220003,zachodniopomorskie powiat 20 gmina 03,3220,wiejska,8868,53.50666,15.24949
3220004,zachodniopomorskie powiat 20 gmina 04,3220,miejsko-wiejska,11621,53.80324,15.38999
3220005,zachodniopomorskie powiat 20 gmina 05,3220,wiejska,8571,53.5862,15.11871
3221001,zachodniopomorskie powiat 21 gmina 01,3221,wiejska,12583,53.55616,14.46621
3221002,zachodniopomorskie powiat 21 gmina 02,3221,wiejska,6641,53.27039,14.44787
3221003,zachodniopomorskie powiat 21 gmina 03,3221,miejsko-wiejska,35702,53.29289,14.26346
3221004,zachodniopomorskie powiat 21 gmina 04,3221,wiejska,24632,53.48262,14.20663
3221005,zachodniopomorskie powiat 21 gmina 05,3221,wiejska,900,53.51039,14.43561
